ticker,block_index,archetype,category,cell,score,reason_cell,reason_text,confidence,source,composite_0_10,composite_0_100
AAOI,1,C: High Growth,Valuation,C2,6,D2,FCF yield                                           -4.6%  -> F (1.5)   band: < 1.0% | PEG                                                  0.78  -> A (9.5)   band: <= 1.00,medium,auto,5.45,54.5
AAOI,1,C: High Growth,Growth,C3,10,D3,Fwd revenue growth (high-growth bands)             156.5%  -> A (9.5)   band: >= 40.0% | Rule of 40 (growth% + FCF margin%)                  55.58  -> A (9.5)   band: >= 50 | Gross margin                                        30.0%  -> F (1.5)   band: < 35.0%,high,auto,5.45,54.5
AAOI,1,C: High Growth,Profitability,C4,2,D4,ROIC 3-yr average                                  -23.9%  -> F (1.5)   band: < 4.0% | ROIC persistence (share of yrs >12%)                 0.0%  -> F (1.5)   band: < 20.0% | Gross margin vs peer set                            62.5%  -> B (7.5)   band: >= 55.0% | Return on equity                                    -5.4%  -> F (1.5)   band: < 5.0%,high,auto,5.45,54.5
AAOI,1,C: High Growth,Financials,C5,2,D5,Cash runway (yrs) -- dominant when FCF-negative          0.34y  -> F (1.5)   band: < 1.50y | Net debt / EBITDA                                  -1.31x  -> A (9.5)   band: <= 0.50x | Diluted share count 3-yr CAGR                       29.3%  -> F (1.5)   band: > 6.0%,high,auto,5.45,54.5
AAOI,1,C: High Growth,Business Quality,C6,3,D6,"ROIC persistence (share of yrs >12%)                 0.0%  -> F (1.5)   band: < 20.0% | Gross margin stability (band, bps)               +1495bps  -> D (3.5)   band: <= +1500bps",medium,tier3,5.45,54.5
AAOI,1,C: High Growth,Management,C7,4,D7,"SBC as % of revenue                                  2.6%  -> A (9.5)   band: <= 5.0% | EPS beats, last 8Q                                      2  -> D (3.5)   band: >= 2 | Insider net open-market activity                       -2  -> F (1.5)   band: < -1.50",high,auto,5.45,54.5
AAOI,1,C: High Growth,Income,C8,8,D8,Revenue change in weakest year shown                -2.3%  -> B (7.5)   band: >= -5.0%,low,tier3,5.45,54.5
AAOI,1,C: High Growth,Market Sentiment,C9,4,D9,Short interest % of float                           12.8%  -> D (3.5)   band: <= 15.0% | Institutional ownership trend                           1  -> A (9.5)   band: >= 0.50 | Insider net open-market activity (6mo)                 -2  -> F (1.5)   band: < -1.50,high,auto,5.45,54.5
AAOI,1,C: High Growth,EPS/Revison Trends,C10,4,D10,"FY2 consensus EPS change vs 3mo ago                 -3.6%  -> D (3.5)   band: >= -5.0% | Revision breadth (share up)                          0.0%  -> F (1.5)   band: < 30.0% | EPS beats, last 8Q                                      2  -> D (3.5)   band: >= 2",medium,auto,5.45,54.5
AAOI,1,C: High Growth,Industry/Sector Tailwinds,C11,10,D11,Peer-median fwd revenue growth                      17.7%  -> A (9.5)   band: >= 10.0%,low,auto,5.45,54.5
AAPL,2,A: Mature Cash Generator,Valuation,C15,5,D15,FCF yield                                            3.1%  -> C (5.5)   band: >= 2.5% | Fwd P/E vs own 5-yr median                          -4.3%  -> C (5.5)   band: >= -10.0% | Fwd TEV/EBITDA vs peer median                      -16.2%  -> D (3.5)   band: >= -30.0% | PEG                                                  2.47  -> D (3.5)   band: <= 2.50,high,auto,7.2,72.0
AAPL,2,A: Mature Cash Generator,Growth,C16,8,D16,Fwd revenue growth                                   9.7%  -> B (7.5)   band: >= 8.0% | Fwd EPS growth                                       8.3%  -> C (5.5)   band: >= 5.0% | 3-yr gross margin trend (bps)                     +360bps  -> A (9.5)   band: >= +100bps,high,auto,7.2,72.0
AAPL,2,A: Mature Cash Generator,Profitability,C17,10,D17,ROIC 3-yr average                                   73.4%  -> A (9.5)   band: >= 20.0% | ROIC persistence (share of yrs >12%)               100.0%  -> A (9.5)   band: >= 80.0% | Gross margin vs peer set                           100.0%  -> A (9.5)   band: >= 75.0% | Return on equity                                   148.8%  -> A (9.5)   band: >= 20.0%,high,auto,7.2,72.0
AAPL,2,A: Mature Cash Generator,Financials,C18,6,D18,Net debt / EBITDA                                   0.37x  -> A (9.5)   band: <= 0.50x | EBIT / interest expense                           999.00x  -> A (9.5)   band: >= 12.00x | FCF / net income (3-yr)                            101.5%  -> A (9.5)   band: >= 100.0% | Diluted share count 3-yr CAGR                       -2.8%  -> A (9.5)   band: <= 0.0%,high,auto,7.2,72.0
AAPL,2,A: Mature Cash Generator,Business Quality,C19,9,D19,"ROIC persistence (share of yrs >12%)               100.0%  -> A (9.5)   band: >= 80.0% | Gross margin stability (band, bps)                +360bps  -> B (7.5)   band: <= +400bps",medium,tier3,7.2,72.0
AAPL,2,A: Mature Cash Generator,Management,C20,6,D20,"SBC as % of revenue                                  2.9%  -> A (9.5)   band: <= 5.0% | EPS beats, last 8Q                                      4  -> C (5.5)   band: >= 4 | Insider net open-market activity                       -2  -> F (1.5)   band: < -1.50",high,auto,7.2,72.0
AAPL,2,A: Mature Cash Generator,Income,C21,8,D21,Revenue change in weakest year shown                -2.8%  -> B (7.5)   band: >= -5.0%,low,tier3,7.2,72.0
AAPL,2,A: Mature Cash Generator,Market Sentiment,C22,6,D22,Short interest % of float                            1.0%  -> A (9.5)   band: <= 2.0% | Institutional ownership trend                           0  -> C (5.5)   band: >= -0.50 | Insider net open-market activity (6mo)                 -2  -> F (1.5)   band: < -1.50,high,auto,7.2,72.0
AAPL,2,A: Mature Cash Generator,EPS/Revison Trends,C23,6,D23,"FY2 consensus EPS change vs 3mo ago                 -1.2%  -> C (5.5)   band: >= -2.0% | Revision breadth (share up)                         29.6%  -> F (1.5)   band: < 30.0% | EPS beats, last 8Q                                      4  -> C (5.5)   band: >= 4",high,auto,7.2,72.0
AAPL,2,A: Mature Cash Generator,Industry/Sector Tailwinds,C24,8,D24,Peer-median fwd revenue growth                       9.7%  -> B (7.5)   band: >= 5.0%,low,auto,7.2,72.0
ABVX,3,E: Early Biotech,Valuation,C28,2,D28,FCF yield                                           -2.0%  -> F (1.5)   band: < 1.0%,low,auto,5.0,50.0
ABVX,3,E: Early Biotech,Growth,C29,8,D29,Fwd revenue growth                                  10.4%  -> B (7.5)   band: >= 8.0%,low,auto,5.0,50.0
ABVX,3,E: Early Biotech,Profitability,C30,2,D30,ROIC 3-yr average                                -6340.6%  -> F (1.5)   band: < 4.0% | ROIC persistence (share of yrs >12%)                 0.0%  -> F (1.5)   band: < 20.0% | Return on equity                                  -157.1%  -> F (1.5)   band: < 5.0%,high,auto,5.0,50.0
ABVX,3,E: Early Biotech,Financials,C31,6,D31,Cash runway (yrs) -- dominant when FCF-negative          2.89y  -> C (5.5)   band: >= 2.50y | Net debt / EBITDA                                   2.03x  -> C (5.5)   band: <= 2.50x | Diluted share count 3-yr CAGR                       53.9%  -> F (1.5)   band: > 6.0%,high,auto,5.0,50.0
ABVX,3,E: Early Biotech,Business Quality,C32,2,D32,ROIC persistence (share of yrs >12%)                 0.0%  -> F (1.5)   band: < 20.0%,low,tier3,5.0,50.0
ABVX,3,E: Early Biotech,Management,C33,4,D33,"EPS beats, last 8Q                                      2  -> D (3.5)   band: >= 2",low,auto,5.0,50.0
ABVX,3,E: Early Biotech,Income,C34,,D34,,none,tier3,5.0,50.0
ABVX,3,E: Early Biotech,Market Sentiment,C35,8,D35,Short interest % of float                            6.0%  -> C (5.5)   band: <= 8.0% | Institutional ownership trend                           1  -> A (9.5)   band: >= 0.50,medium,auto,5.0,50.0
ABVX,3,E: Early Biotech,EPS/Revison Trends,C36,4,D36,"FY2 consensus EPS change vs 3mo ago                -10.4%  -> F (1.5)   band: < -5.0% | Revision breadth (share up)                        100.0%  -> A (9.5)   band: >= 70.0% | EPS beats, last 8Q                                      2  -> D (3.5)   band: >= 2",medium,auto,5.0,50.0
ABVX,3,E: Early Biotech,Industry/Sector Tailwinds,C37,10,D37,Peer-median fwd revenue growth                      25.6%  -> A (9.5)   band: >= 10.0%,low,auto,5.0,50.0
AKAM,4,A: Mature Cash Generator,Valuation,C41,8,D41,FCF yield                                            3.6%  -> C (5.5)   band: >= 2.5% | Fwd P/E vs own 5-yr median                          67.9%  -> A (9.5)   band: >= 25.0% | Fwd TEV/EBITDA vs peer median                       27.0%  -> A (9.5)   band: >= 25.0% | PEG                                                  1.48  -> C (5.5)   band: <= 1.80,high,auto,6.4,64.0
AKAM,4,A: Mature Cash Generator,Growth,C42,6,D42,Fwd revenue growth                                  13.0%  -> B (7.5)   band: >= 8.0% | Fwd EPS growth                                       7.0%  -> C (5.5)   band: >= 5.0% | 3-yr gross margin trend (bps)                     -279bps  -> F (1.5)   band: < -200bps,high,auto,6.4,64.0
AKAM,4,A: Mature Cash Generator,Profitability,C43,3,D43,ROIC 3-yr average                                    5.7%  -> D (3.5)   band: >= 4.0% | ROIC persistence (share of yrs >12%)                 0.0%  -> F (1.5)   band: < 20.0% | Gross margin vs peer set                            12.5%  -> F (1.5)   band: < 25.0% | Return on equity                                     8.9%  -> D (3.5)   band: >= 5.0%,high,auto,6.4,64.0
AKAM,4,A: Mature Cash Generator,Financials,C44,6,D44,Net debt / EBITDA                                   4.39x  -> F (1.5)   band: > 4.00x | EBIT / interest expense                            17.07x  -> A (9.5)   band: >= 12.00x | FCF / net income (3-yr)                            143.0%  -> A (9.5)   band: >= 100.0% | Diluted share count 3-yr CAGR                       -2.9%  -> A (9.5)   band: <= 0.0%,high,auto,6.4,64.0
AKAM,4,A: Mature Cash Generator,Business Quality,C45,5,D45,"ROIC persistence (share of yrs >12%)                 0.0%  -> F (1.5)   band: < 20.0% | Gross margin stability (band, bps)                +279bps  -> B (7.5)   band: <= +400bps",medium,tier3,6.4,64.0
AKAM,4,A: Mature Cash Generator,Management,C46,6,D46,"SBC as % of revenue                                 11.8%  -> C (5.5)   band: <= 12.0% | EPS beats, last 8Q                                      4  -> C (5.5)   band: >= 4 | Insider net open-market activity                       -2  -> F (1.5)   band: < -1.50",high,auto,6.4,64.0
AKAM,4,A: Mature Cash Generator,Income,C47,10,D47,Revenue change in weakest year shown                 4.7%  -> A (9.5)   band: >= 0.0%,low,tier3,6.4,64.0
AKAM,4,A: Mature Cash Generator,Market Sentiment,C48,2,D48,Short interest % of float                           16.2%  -> F (1.5)   band: > 15.0% | Institutional ownership trend                           1  -> A (9.5)   band: >= 0.50 | Insider net open-market activity (6mo)                 -2  -> F (1.5)   band: < -1.50,high,auto,6.4,64.0
AKAM,4,A: Mature Cash Generator,EPS/Revison Trends,C49,6,D49,"FY2 consensus EPS change vs 3mo ago                 -0.3%  -> C (5.5)   band: >= -2.0% | Revision breadth (share up)                         38.9%  -> D (3.5)   band: >= 30.0% | EPS beats, last 8Q                                      4  -> C (5.5)   band: >= 4",high,auto,6.4,64.0
AKAM,4,A: Mature Cash Generator,Industry/Sector Tailwinds,C50,10,D50,Peer-median fwd revenue growth                      11.2%  -> A (9.5)   band: >= 10.0%,low,auto,6.4,64.0
ALL,5,F: Financial Institution,Valuation,C54,6,D54,FCF yield                                           18.8%  -> A (9.5)   band: >= 6.0% | PEG                                                  3.13  -> F (1.5)   band: > 2.50,medium,auto,7.3,73.0
ALL,5,F: Financial Institution,Growth,C55,4,D55,Fwd revenue growth                                   3.8%  -> C (5.5)   band: >= 3.0% | Fwd EPS growth                                     -21.5%  -> F (1.5)   band: < 0.0%,medium,auto,7.3,73.0
ALL,5,F: Financial Institution,Profitability,C56,10,D56,Return on equity (financials bands)                 46.1%  -> A (9.5)   band: >= 15.0%,low,auto,7.3,73.0
ALL,5,F: Financial Institution,Financials,C57,10,D57,Diluted share count 3-yr CAGR                       -0.5%  -> A (9.5)   band: <= 0.0%,low,auto,7.3,73.0
ALL,5,F: Financial Institution,Business Quality,C58,6,D58,ROIC persistence (share of yrs >12%)                50.0%  -> C (5.5)   band: >= 40.0%,low,tier3,7.3,73.0
ALL,5,F: Financial Institution,Management,C59,4,D59,"EPS beats, last 8Q                                      4  -> C (5.5)   band: >= 4 | Insider net open-market activity                       -2  -> F (1.5)   band: < -1.50",medium,auto,7.3,73.0
ALL,5,F: Financial Institution,Income,C60,10,D60,Revenue change in weakest year shown                 5.6%  -> A (9.5)   band: >= 0.0%,low,tier3,7.3,73.0
ALL,5,F: Financial Institution,Market Sentiment,C61,6,D61,Short interest % of float                            0.0%  -> A (9.5)   band: <= 2.0% | Institutional ownership trend                           0  -> C (5.5)   band: >= -0.50 | Insider net open-market activity (6mo)                 -2  -> F (1.5)   band: < -1.50,high,auto,7.3,73.0
ALL,5,F: Financial Institution,EPS/Revison Trends,C62,10,D62,"FY2 consensus EPS change vs 3mo ago                  5.1%  -> A (9.5)   band: >= 5.0% | Revision breadth (share up)                         94.1%  -> A (9.5)   band: >= 70.0% | EPS beats, last 8Q                                      4  -> C (5.5)   band: >= 4",high,auto,7.3,73.0
ALL,5,F: Financial Institution,Industry/Sector Tailwinds,C63,6,D63,Peer-median fwd revenue growth                       3.9%  -> C (5.5)   band: >= 0.0%,low,auto,7.3,73.0
ALLT,6,C: High Growth,Valuation,C67,10,D67,FCF yield                                            6.5%  -> A (9.5)   band: >= 6.0% | Fwd TEV/EBITDA vs peer median                      -25.1%  -> D (3.5)   band: >= -30.0% | PEG                                                  0.83  -> A (9.5)   band: <= 1.00,high,auto,5.35,53.5
ALLT,6,C: High Growth,Growth,C68,6,D68,Fwd revenue growth (high-growth bands)              12.0%  -> D (3.5)   band: >= 8.0% | Rule of 40 (growth% + FCF margin%)                  35.09  -> C (5.5)   band: >= 25 | Gross margin                                        71.1%  -> B (7.5)   band: >= 65.0%,high,auto,5.35,53.5
ALLT,6,C: High Growth,Profitability,C69,3,D69,ROIC 3-yr average                                  -27.0%  -> F (1.5)   band: < 4.0% | ROIC persistence (share of yrs >12%)                 0.0%  -> F (1.5)   band: < 20.0% | Gross margin vs peer set                            33.3%  -> D (3.5)   band: >= 25.0% | Return on equity                                     9.4%  -> D (3.5)   band: >= 5.0%,high,auto,5.35,53.5
ALLT,6,C: High Growth,Financials,C70,6,D70,Cash runway (yrs) -- dominant when FCF-negative   FCF-positive  -> A (9.5)   band: >= FCF-positive | Net debt / EBITDA                                  -1.10x  -> A (9.5)   band: <= 0.50x | Diluted share count 3-yr CAGR                        7.7%  -> F (1.5)   band: > 6.0%,high,auto,5.35,53.5
ALLT,6,C: High Growth,Business Quality,C71,3,D71,"ROIC persistence (share of yrs >12%)                 0.0%  -> F (1.5)   band: < 20.0% | Gross margin stability (band, bps)               +1457bps  -> D (3.5)   band: <= +1500bps",medium,tier3,5.35,53.5
ALLT,6,C: High Growth,Management,C72,4,D72,"SBC as % of revenue                                  4.9%  -> A (9.5)   band: <= 5.0% | EPS beats, last 8Q                                      3  -> D (3.5)   band: >= 2 | Insider net open-market activity                       -2  -> F (1.5)   band: < -1.50",high,auto,5.35,53.5
ALLT,6,C: High Growth,Income,C73,4,D73,Revenue change in weakest year shown               -24.1%  -> D (3.5)   band: >= -35.0%,low,tier3,5.35,53.5
ALLT,6,C: High Growth,Market Sentiment,C74,6,D74,Short interest % of float                            4.1%  -> B (7.5)   band: <= 5.0% | Institutional ownership trend                           0  -> C (5.5)   band: >= -0.50 | Insider net open-market activity (6mo)                 -2  -> F (1.5)   band: < -1.50,high,auto,5.35,53.5
ALLT,6,C: High Growth,EPS/Revison Trends,C75,4,D75,"FY2 consensus EPS change vs 3mo ago                 -3.0%  -> D (3.5)   band: >= -5.0% | Revision breadth (share up)                        100.0%  -> A (9.5)   band: >= 70.0% | EPS beats, last 8Q                                      3  -> D (3.5)   band: >= 2",medium,auto,5.35,53.5
ALLT,6,C: High Growth,Industry/Sector Tailwinds,C76,10,D76,Peer-median fwd revenue growth                      12.8%  -> A (9.5)   band: >= 10.0%,low,auto,5.35,53.5
ALMU,7,C: High Growth,Valuation,C80,2,D80,FCF yield                                           -0.7%  -> F (1.5)   band: < 1.0%,low,auto,3.9,39.0
ALMU,7,C: High Growth,Growth,C81,6,D81,Fwd revenue growth (high-growth bands)              58.9%  -> A (9.5)   band: >= 40.0% | Rule of 40 (growth% + FCF margin%)                  16.12  -> D (3.5)   band: >= 10 | Gross margin                                        59.6%  -> C (5.5)   band: >= 50.0%,high,auto,3.9,39.0
ALMU,7,C: High Growth,Profitability,C82,2,D82,ROIC 3-yr average                                 -201.7%  -> F (1.5)   band: < 4.0% | ROIC persistence (share of yrs >12%)                 0.0%  -> F (1.5)   band: < 20.0% | Gross margin vs peer set                            87.5%  -> A (9.5)   band: >= 75.0% | Return on equity                                   -20.7%  -> F (1.5)   band: < 5.0%  [notched F->F: debt_to_equity is not None and debt_to_equity > 2.0],high,auto,3.9,39.0
ALMU,7,C: High Growth,Financials,C83,4,D83,Cash runway (yrs) -- dominant when FCF-negative          1.63y  -> D (3.5)   band: >= 1.50y | Net debt / EBITDA                                   0.42x  -> A (9.5)   band: <= 0.50x | Diluted share count 3-yr CAGR                        7.3%  -> F (1.5)   band: > 6.0%,high,auto,3.9,39.0
ALMU,7,C: High Growth,Business Quality,C84,2,D84,"ROIC persistence (share of yrs >12%)                 0.0%  -> F (1.5)   band: < 20.0% | Gross margin stability (band, bps)               +2697bps  -> F (1.5)   band: > +1500bps",medium,tier3,3.9,39.0
ALMU,7,C: High Growth,Management,C85,2,D85,"SBC as % of revenue                                 76.1%  -> F (1.5)   band: > 15.0% | EPS beats, last 8Q                                      2  -> D (3.5)   band: >= 2 | Insider net open-market activity                       -2  -> F (1.5)   band: < -1.50",high,auto,3.9,39.0
ALMU,7,C: High Growth,Income,C86,10,D86,Revenue change in weakest year shown               375.3%  -> A (9.5)   band: >= 0.0%,low,tier3,3.9,39.0
ALMU,7,C: High Growth,Market Sentiment,C87,2,D87,Short interest % of float                           28.7%  -> F (1.5)   band: > 15.0% | Institutional ownership trend                           1  -> A (9.5)   band: >= 0.50 | Insider net open-market activity (6mo)                 -2  -> F (1.5)   band: < -1.50,high,auto,3.9,39.0
ALMU,7,C: High Growth,EPS/Revison Trends,C88,2,D88,"FY2 consensus EPS change vs 3mo ago                -76.0%  -> F (1.5)   band: < -5.0% | Revision breadth (share up)                          0.0%  -> F (1.5)   band: < 30.0% | EPS beats, last 8Q                                      2  -> D (3.5)   band: >= 2",high,auto,3.9,39.0
ALMU,7,C: High Growth,Industry/Sector Tailwinds,C89,10,D89,Peer-median fwd revenue growth                      19.1%  -> A (9.5)   band: >= 10.0%,low,auto,3.9,39.0
AMD,8,B: Durable Compounder,Valuation,C93,6,D93,FCF yield                                            1.0%  -> D (3.5)   band: >= 1.0% | Fwd P/E vs own 5-yr median                         207.7%  -> A (9.5)   band: >= 25.0% | Fwd TEV/EBITDA vs peer median                     -153.9%  -> F (1.5)   band: < -30.0% | PEG                                                  1.10  -> B (7.5)   band: <= 1.30,high,auto,6.55,65.5
AMD,8,B: Durable Compounder,Growth,C94,10,D94,Fwd revenue growth                                  72.0%  -> A (9.5)   band: >= 15.0% | Fwd EPS growth                                     104.5%  -> A (9.5)   band: >= 20.0% | 3-yr gross margin trend (bps)                     +459bps  -> A (9.5)   band: >= +100bps,high,auto,6.55,65.5
AMD,8,B: Durable Compounder,Profitability,C95,3,D95,ROIC 3-yr average                                    3.7%  -> F (1.5)   band: < 4.0% | ROIC persistence (share of yrs >12%)                 0.0%  -> F (1.5)   band: < 20.0% | Gross margin vs peer set                            37.5%  -> D (3.5)   band: >= 25.0% | Return on equity                                    10.2%  -> C (5.5)   band: >= 10.0%,high,auto,6.55,65.5
AMD,8,B: Durable Compounder,Financials,C96,10,D96,Net debt / EBITDA                                  -0.18x  -> A (9.5)   band: <= 0.50x | EBIT / interest expense                            52.32x  -> A (9.5)   band: >= 12.00x | FCF / net income (3-yr)                            150.2%  -> A (9.5)   band: >= 100.0% | Diluted share count 3-yr CAGR                        1.4%  -> C (5.5)   band: <= 3.0%,high,auto,6.55,65.5
AMD,8,B: Durable Compounder,Business Quality,C97,4,D97,"ROIC persistence (share of yrs >12%)                 0.0%  -> F (1.5)   band: < 20.0% | Gross margin stability (band, bps)                +459bps  -> C (5.5)   band: <= +800bps",medium,tier3,6.55,65.5
AMD,8,B: Durable Compounder,Management,C98,6,D98,"SBC as % of revenue                                  4.6%  -> A (9.5)   band: <= 5.0% | EPS beats, last 8Q                                      4  -> C (5.5)   band: >= 4 | Insider net open-market activity                       -2  -> F (1.5)   band: < -1.50",high,auto,6.55,65.5
AMD,8,B: Durable Compounder,Income,C99,8,D99,Revenue change in weakest year shown                -3.9%  -> B (7.5)   band: >= -5.0%,low,tier3,6.55,65.5
AMD,8,B: Durable Compounder,Market Sentiment,C100,6,D100,Short interest % of float                            2.3%  -> B (7.5)   band: <= 5.0% | Institutional ownership trend                           0  -> C (5.5)   band: >= -0.50 | Insider net open-market activity (6mo)                 -2  -> F (1.5)   band: < -1.50,high,auto,6.55,65.5
AMD,8,B: Durable Compounder,EPS/Revison Trends,C101,10,D101,"FY2 consensus EPS change vs 3mo ago                 19.3%  -> A (9.5)   band: >= 5.0% | Revision breadth (share up)                         94.3%  -> A (9.5)   band: >= 70.0% | EPS beats, last 8Q                                      4  -> C (5.5)   band: >= 4",medium,auto,6.55,65.5
AMD,8,B: Durable Compounder,Industry/Sector Tailwinds,C102,10,D102,Peer-median fwd revenue growth                      51.1%  -> A (9.5)   band: >= 10.0%,low,auto,6.55,65.5
AMZN,9,B: Durable Compounder,Valuation,C106,5,D106,FCF yield                                           -0.4%  -> F (1.5)   band: < 1.0% | Fwd P/E vs own 5-yr median                          58.0%  -> A (9.5)   band: >= 25.0% | Fwd TEV/EBITDA vs peer median                      -15.1%  -> D (3.5)   band: >= -30.0% | PEG                                                  1.40  -> C (5.5)   band: <= 1.80,high,auto,7.3,73.0
AMZN,9,B: Durable Compounder,Growth,C107,8,D107,Fwd revenue growth                                  14.3%  -> B (7.5)   band: >= 8.0% | Fwd EPS growth                                     -15.5%  -> F (1.5)   band: < 0.0% | 3-yr gross margin trend (bps)                     +648bps  -> A (9.5)   band: >= +100bps,high,auto,7.3,73.0
AMZN,9,B: Durable Compounder,Profitability,C108,9,D108,ROIC 3-yr average                                   15.1%  -> B (7.5)   band: >= 13.0% | ROIC persistence (share of yrs >12%)                75.0%  -> B (7.5)   band: >= 60.0% | Gross margin vs peer set                           100.0%  -> A (9.5)   band: >= 75.0% | Return on equity                                    30.6%  -> A (9.5)   band: >= 20.0%,high,auto,7.3,73.0
AMZN,9,B: Durable Compounder,Financials,C109,8,D109,Net debt / EBITDA                                   0.39x  -> A (9.5)   band: <= 0.50x | EBIT / interest expense                            53.68x  -> A (9.5)   band: >= 12.00x | FCF / net income (3-yr)                             43.5%  -> F (1.5)   band: < 50.0% | Diluted share count 3-yr CAGR                        2.0%  -> C (5.5)   band: <= 3.0%,high,auto,7.3,73.0
AMZN,9,B: Durable Compounder,Business Quality,C110,7,D110,"ROIC persistence (share of yrs >12%)                75.0%  -> B (7.5)   band: >= 60.0% | Gross margin stability (band, bps)                +648bps  -> C (5.5)   band: <= +800bps",medium,tier3,7.3,73.0
AMZN,9,B: Durable Compounder,Management,C111,4,D111,"SBC as % of revenue                                  2.5%  -> A (9.5)   band: <= 5.0% | EPS beats, last 8Q                                      3  -> D (3.5)   band: >= 2 | Insider net open-market activity                       -2  -> F (1.5)   band: < -1.50",high,auto,7.3,73.0
AMZN,9,B: Durable Compounder,Income,C112,10,D112,Revenue change in weakest year shown                11.0%  -> A (9.5)   band: >= 0.0%,low,tier3,7.3,73.0
AMZN,9,B: Durable Compounder,Market Sentiment,C113,6,D113,Short interest % of float                            1.0%  -> A (9.5)   band: <= 2.0% | Institutional ownership trend                           0  -> C (5.5)   band: >= -0.50 | Insider net open-market activity (6mo)                 -2  -> F (1.5)   band: < -1.50,high,auto,7.3,73.0
AMZN,9,B: Durable Compounder,EPS/Revison Trends,C114,10,D114,"FY2 consensus EPS change vs 3mo ago                  6.3%  -> A (9.5)   band: >= 5.0% | Revision breadth (share up)                         88.6%  -> A (9.5)   band: >= 70.0% | EPS beats, last 8Q                                      3  -> D (3.5)   band: >= 2",medium,auto,7.3,73.0
AMZN,9,B: Durable Compounder,Industry/Sector Tailwinds,C115,10,D115,Peer-median fwd revenue growth                      14.3%  -> A (9.5)   band: >= 10.0%,low,auto,7.3,73.0
APLD,10,C: High Growth,Valuation,C119,2,D119,FCF yield                                          -30.9%  -> F (1.5)   band: < 1.0%,low,auto,2.75,27.5
APLD,10,C: High Growth,Growth,C120,2,D120,Fwd revenue growth (high-growth bands)             144.0%  -> A (9.5)   band: >= 40.0% | Rule of 40 (growth% + FCF margin%)                -310.11  -> F (1.5)   band: < 10 | Gross margin                                        29.6%  -> F (1.5)   band: < 35.0%,high,auto,2.75,27.5
APLD,10,C: High Growth,Profitability,C121,2,D121,ROIC 3-yr average                                  -22.6%  -> F (1.5)   band: < 4.0% | ROIC persistence (share of yrs >12%)                 0.0%  -> F (1.5)   band: < 20.0% | Gross margin vs peer set                            50.0%  -> C (5.5)   band: >= 45.0% | Return on equity                                    -8.4%  -> F (1.5)   band: < 5.0%,high,auto,2.75,27.5
APLD,10,C: High Growth,Financials,C122,2,D122,Cash runway (yrs) -- dominant when FCF-negative          0.01y  -> F (1.5)   band: < 1.50y | Net debt / EBITDA                                  -6.18x  -> A (9.5)   band: <= 0.50x,medium,auto,2.75,27.5
APLD,10,C: High Growth,Business Quality,C123,2,D123,"ROIC persistence (share of yrs >12%)                 0.0%  -> F (1.5)   band: < 20.0% | Gross margin stability (band, bps)               +4084bps  -> F (1.5)   band: > +1500bps",medium,tier3,2.75,27.5
APLD,10,C: High Growth,Management,C124,2,D124,"SBC as % of revenue                                 36.0%  -> F (1.5)   band: > 15.0% | EPS beats, last 8Q                                      4  -> C (5.5)   band: >= 4 | Insider net open-market activity                       -2  -> F (1.5)   band: < -1.50",high,auto,2.75,27.5
APLD,10,C: High Growth,Income,C125,10,D125,Revenue change in weakest year shown                 5.5%  -> A (9.5)   band: >= 0.0%,low,tier3,2.75,27.5
APLD,10,C: High Growth,Market Sentiment,C126,2,D126,Short interest % of float                           27.4%  -> F (1.5)   band: > 15.0% | Institutional ownership trend                           1  -> A (9.5)   band: >= 0.50 | Insider net open-market activity (6mo)                 -2  -> F (1.5)   band: < -1.50,high,auto,2.75,27.5
APLD,10,C: High Growth,EPS/Revison Trends,C127,6,D127,"FY2 consensus EPS change vs 3mo ago                 43.2%  -> A (9.5)   band: >= 5.0% | Revision breadth (share up)                          0.0%  -> F (1.5)   band: < 30.0% | EPS beats, last 8Q                                      4  -> C (5.5)   band: >= 4",medium,auto,2.75,27.5
APLD,10,C: High Growth,Industry/Sector Tailwinds,C128,8,D128,Peer-median fwd revenue growth                       5.8%  -> B (7.5)   band: >= 5.0%,low,auto,2.75,27.5
APP,11,B: Durable Compounder,Valuation,C132,9,D132,FCF yield                                            4.3%  -> B (7.5)   band: >= 4.0% | Fwd P/E vs own 5-yr median                         365.2%  -> A (9.5)   band: >= 25.0% | Fwd TEV/EBITDA vs peer median                      -27.6%  -> D (3.5)   band: >= -30.0% | PEG                                                  0.87  -> A (9.5)   band: <= 1.00,high,auto,7.65,76.5
APP,11,B: Durable Compounder,Growth,C133,10,D133,Fwd revenue growth                                  28.1%  -> A (9.5)   band: >= 15.0% | Fwd EPS growth                                      30.0%  -> A (9.5)   band: >= 20.0% | 3-yr gross margin trend (bps)                    +3245bps  -> A (9.5)   band: >= +100bps,high,auto,7.65,76.5
APP,11,B: Durable Compounder,Profitability,C134,9,D134,ROIC 3-yr average                                   59.8%  -> A (9.5)   band: >= 20.0% | ROIC persistence (share of yrs >12%)                75.0%  -> B (7.5)   band: >= 60.0% | Gross margin vs peer set                           100.0%  -> A (9.5)   band: >= 75.0% | Return on equity                                   203.7%  -> B (7.5)   band: >= 20.0%  [demoted to B: debt_to_equity is not None and debt_to_equity >= 1.0],high,auto,7.65,76.5
APP,11,B: Durable Compounder,Financials,C135,10,D135,Net debt / EBITDA                                   0.20x  -> A (9.5)   band: <= 0.50x | EBIT / interest expense                            26.42x  -> A (9.5)   band: >= 12.00x | FCF / net income (3-yr)                            133.1%  -> A (9.5)   band: >= 100.0% | Diluted share count 3-yr CAGR                       -2.7%  -> A (9.5)   band: <= 0.0%,high,auto,7.65,76.5
APP,11,B: Durable Compounder,Business Quality,C136,5,D136,"ROIC persistence (share of yrs >12%)                75.0%  -> B (7.5)   band: >= 60.0% | Gross margin stability (band, bps)               +3245bps  -> F (1.5)   band: > +1500bps",medium,tier3,7.65,76.5
APP,11,B: Durable Compounder,Management,C137,6,D137,"SBC as % of revenue                                  4.1%  -> A (9.5)   band: <= 5.0% | EPS beats, last 8Q                                      4  -> C (5.5)   band: >= 4 | Insider net open-market activity                       -2  -> F (1.5)   band: < -1.50",high,auto,7.65,76.5
APP,11,B: Durable Compounder,Income,C138,4,D138,Revenue change in weakest year shown               -34.6%  -> D (3.5)   band: >= -35.0%,low,tier3,7.65,76.5
APP,11,B: Durable Compounder,Market Sentiment,C139,8,D139,Short interest % of float                            4.1%  -> B (7.5)   band: <= 5.0% | Institutional ownership trend                           1  -> A (9.5)   band: >= 0.50 | Insider net open-market activity (6mo)                 -2  -> F (1.5)   band: < -1.50,high,auto,7.65,76.5
APP,11,B: Durable Compounder,EPS/Revison Trends,C140,4,D140,"FY2 consensus EPS change vs 3mo ago                 -2.2%  -> D (3.5)   band: >= -5.0% | Revision breadth (share up)                         29.4%  -> F (1.5)   band: < 30.0% | EPS beats, last 8Q                                      4  -> C (5.5)   band: >= 4",high,auto,7.65,76.5
APP,11,B: Durable Compounder,Industry/Sector Tailwinds,C141,10,D141,Peer-median fwd revenue growth                      10.6%  -> A (9.5)   band: >= 10.0%,low,auto,7.65,76.5
ASTS,12,C: High Growth,Valuation,C145,2,D145,FCF yield                                           -6.3%  -> F (1.5)   band: < 1.0%,low,auto,3.2,32.0
ASTS,12,C: High Growth,Growth,C146,6,D146,Fwd revenue growth (high-growth bands)             286.0%  -> A (9.5)   band: >= 40.0% | Rule of 40 (growth% + FCF margin%)               -1220.08  -> F (1.5)   band: < 10 | Gross margin                                        50.3%  -> C (5.5)   band: >= 50.0%,high,auto,3.2,32.0
ASTS,12,C: High Growth,Profitability,C147,2,D147,ROIC 3-yr average                                 -285.4%  -> F (1.5)   band: < 4.0% | ROIC persistence (share of yrs >12%)                 0.0%  -> F (1.5)   band: < 20.0% | Gross margin vs peer set                            87.5%  -> A (9.5)   band: >= 75.0% | Return on equity                                   -45.6%  -> F (1.5)   band: < 5.0%,high,auto,3.2,32.0
ASTS,12,C: High Growth,Financials,C148,2,D148,Cash runway (yrs) -- dominant when FCF-negative          1.35y  -> F (1.5)   band: < 1.50y | Net debt / EBITDA                                   0.24x  -> A (9.5)   band: <= 0.50x | Diluted share count 3-yr CAGR                       67.5%  -> F (1.5)   band: > 6.0%,high,auto,3.2,32.0
ASTS,12,C: High Growth,Business Quality,C149,2,D149,"ROIC persistence (share of yrs >12%)                 0.0%  -> F (1.5)   band: < 20.0% | Gross margin stability (band, bps)               +4966bps  -> F (1.5)   band: > +1500bps",medium,tier3,3.2,32.0
ASTS,12,C: High Growth,Management,C150,2,D150,"SBC as % of revenue                                128.3%  -> F (1.5)   band: > 15.0% | EPS beats, last 8Q                                      0  -> F (1.5)   band: < 2 | Insider net open-market activity                       -2  -> F (1.5)   band: < -1.50",high,auto,3.2,32.0
ASTS,12,C: High Growth,Income,C151,2,D151,Revenue change in weakest year shown              -100.0%  -> F (1.5)   band: < -35.0%,low,tier3,3.2,32.0
ASTS,12,C: High Growth,Market Sentiment,C152,2,D152,Short interest % of float                           19.1%  -> F (1.5)   band: > 15.0% | Institutional ownership trend                           1  -> A (9.5)   band: >= 0.50 | Insider net open-market activity (6mo)                 -2  -> F (1.5)   band: < -1.50,high,auto,3.2,32.0
ASTS,12,C: High Growth,EPS/Revison Trends,C153,2,D153,"FY2 consensus EPS change vs 3mo ago               -101.8%  -> F (1.5)   band: < -5.0% | Revision breadth (share up)                          0.0%  -> F (1.5)   band: < 30.0% | EPS beats, last 8Q                                      0  -> F (1.5)   band: < 2",medium,auto,3.2,32.0
ASTS,12,C: High Growth,Industry/Sector Tailwinds,C154,10,D154,Peer-median fwd revenue growth                      23.6%  -> A (9.5)   band: >= 10.0%,low,auto,3.2,32.0
ATI,13,B: Durable Compounder,Valuation,C158,3,D158,FCF yield                                            1.7%  -> D (3.5)   band: >= 1.0% | Fwd P/E vs own 5-yr median                         -48.3%  -> F (1.5)   band: < -30.0% | Fwd TEV/EBITDA vs peer median                      -54.9%  -> F (1.5)   band: < -30.0% | PEG                                                  1.33  -> C (5.5)   band: <= 1.80,high,auto,7.55,75.5
ATI,13,B: Durable Compounder,Growth,C159,10,D159,Fwd revenue growth                                   9.4%  -> B (7.5)   band: >= 8.0% | Fwd EPS growth                                      21.3%  -> A (9.5)   band: >= 20.0% | 3-yr gross margin trend (bps)                     +333bps  -> A (9.5)   band: >= +100bps,high,auto,7.55,75.5
ATI,13,B: Durable Compounder,Profitability,C160,8,D160,ROIC 3-yr average                                   15.4%  -> B (7.5)   band: >= 13.0% | ROIC persistence (share of yrs >12%)               100.0%  -> A (9.5)   band: >= 80.0% | Gross margin vs peer set                            50.0%  -> C (5.5)   band: >= 45.0% | Return on equity                                    25.4%  -> B (7.5)   band: >= 20.0%  [demoted to B: debt_to_equity is not None and debt_to_equity >= 1.0],high,auto,7.55,75.5
ATI,13,B: Durable Compounder,Financials,C161,7,D161,Net debt / EBITDA                                   1.45x  -> B (7.5)   band: <= 1.50x | EBIT / interest expense                             6.43x  -> C (5.5)   band: >= 4.00x | FCF / net income (3-yr)                             32.7%  -> F (1.5)   band: < 50.0% | Diluted share count 3-yr CAGR                       -2.1%  -> A (9.5)   band: <= 0.0%,high,auto,7.55,75.5
ATI,13,B: Durable Compounder,Business Quality,C162,9,D162,"ROIC persistence (share of yrs >12%)               100.0%  -> A (9.5)   band: >= 80.0% | Gross margin stability (band, bps)                +333bps  -> B (7.5)   band: <= +400bps",medium,tier3,7.55,75.5
ATI,13,B: Durable Compounder,Management,C163,6,D163,"SBC as % of revenue                                  0.6%  -> A (9.5)   band: <= 5.0% | EPS beats, last 8Q                                      4  -> C (5.5)   band: >= 4 | Insider net open-market activity                       -2  -> F (1.5)   band: < -1.50",high,auto,7.55,75.5
ATI,13,B: Durable Compounder,Income,C164,10,D164,Revenue change in weakest year shown                 4.5%  -> A (9.5)   band: >= 0.0%,low,tier3,7.55,75.5
ATI,13,B: Durable Compounder,Market Sentiment,C165,2,D165,Short interest % of float                            4.1%  -> B (7.5)   band: <= 5.0% | Institutional ownership trend                          -1  -> F (1.5)   band: < -0.90 | Insider net open-market activity (6mo)                 -2  -> F (1.5)   band: < -1.50,high,auto,7.55,75.5
ATI,13,B: Durable Compounder,EPS/Revison Trends,C166,10,D166,"FY2 consensus EPS change vs 3mo ago                 15.1%  -> A (9.5)   band: >= 5.0% | Revision breadth (share up)                        100.0%  -> A (9.5)   band: >= 70.0% | EPS beats, last 8Q                                      4  -> C (5.5)   band: >= 4",high,auto,7.55,75.5
ATI,13,B: Durable Compounder,Industry/Sector Tailwinds,C167,10,D167,Peer-median fwd revenue growth                      14.8%  -> A (9.5)   band: >= 10.0%,low,auto,7.55,75.5
AU,14,D: Cyclical / Commodity,Valuation,C171,10,D171,FCF yield                                            8.9%  -> A (9.5)   band: >= 6.0% | Fwd P/E vs own 5-yr median                          59.6%  -> A (9.5)   band: >= 25.0% | Fwd TEV/EBITDA vs peer median                       51.6%  -> A (9.5)   band: >= 25.0% | PEG                                                  0.78  -> A (9.5)   band: <= 1.00,high,auto,6.5,65.0
AU,14,D: Cyclical / Commodity,Growth,C172,8,D172,Fwd revenue growth                                  10.2%  -> B (7.5)   band: >= 8.0% | Fwd EPS growth                                      15.4%  -> B (7.5)   band: >= 10.0% | 3-yr gross margin trend (bps)                    +2415bps  -> A (9.5)   band: >= +100bps,high,auto,6.5,65.0
AU,14,D: Cyclical / Commodity,Profitability,C173,8,D173,ROIC 3-yr average                                   20.8%  -> A (9.5)   band: >= 20.0% | ROIC persistence (share of yrs >12%)                50.0%  -> C (5.5)   band: >= 40.0% | Gross margin vs peer set                             0.0%  -> F (1.5)   band: < 25.0% | Return on equity                                    44.7%  -> A (9.5)   band: >= 20.0%,high,auto,6.5,65.0
AU,14,D: Cyclical / Commodity,Financials,C174,6,D174,Net debt / EBITDA                                  -0.09x  -> A (9.5)   band: <= 0.50x | EBIT / interest expense                            24.68x  -> A (9.5)   band: >= 12.00x | FCF / net income (3-yr)                            121.6%  -> A (9.5)   band: >= 100.0% | Diluted share count 3-yr CAGR                        6.5%  -> F (1.5)   band: > 6.0%,high,auto,6.5,65.0
AU,14,D: Cyclical / Commodity,Business Quality,C175,4,D175,"ROIC persistence (share of yrs >12%)                50.0%  -> C (5.5)   band: >= 40.0% | Gross margin stability (band, bps)               +2682bps  -> F (1.5)   band: > +1500bps",medium,tier3,6.5,65.0
AU,14,D: Cyclical / Commodity,Management,C176,2,D176,"EPS beats, last 8Q                                      1  -> F (1.5)   band: < 2 | Insider net open-market activity                       -2  -> F (1.5)   band: < -1.50",medium,auto,6.5,65.0
AU,14,D: Cyclical / Commodity,Income,C177,10,D177,Revenue change in weakest year shown                 1.8%  -> A (9.5)   band: >= 0.0%,low,tier3,6.5,65.0
AU,14,D: Cyclical / Commodity,Market Sentiment,C178,6,D178,Short interest % of float                            1.3%  -> A (9.5)   band: <= 2.0% | Institutional ownership trend                           0  -> C (5.5)   band: >= -0.50 | Insider net open-market activity (6mo)                 -2  -> F (1.5)   band: < -1.50,high,auto,6.5,65.0
AU,14,D: Cyclical / Commodity,EPS/Revison Trends,C179,2,D179,"FY2 consensus EPS change vs 3mo ago                 -8.8%  -> F (1.5)   band: < -5.0% | Revision breadth (share up)                         40.0%  -> D (3.5)   band: >= 30.0% | EPS beats, last 8Q                                      1  -> F (1.5)   band: < 2",high,auto,6.5,65.0
AU,14,D: Cyclical / Commodity,Industry/Sector Tailwinds,C180,8,D180,Peer-median fwd revenue growth                       8.4%  -> B (7.5)   band: >= 5.0%,low,auto,6.5,65.0
AVGO,15,B: Durable Compounder,Valuation,C184,7,D184,FCF yield                                            1.8%  -> D (3.5)   band: >= 1.0% | Fwd P/E vs own 5-yr median                         153.5%  -> A (9.5)   band: >= 25.0% | Fwd TEV/EBITDA vs peer median                     -994.4%  -> F (1.5)   band: < -30.0% | PEG                                                  0.44  -> A (9.5)   band: <= 1.00,high,auto,8.0,80.0
AVGO,15,B: Durable Compounder,Growth,C185,10,D185,Fwd revenue growth                                  63.6%  -> A (9.5)   band: >= 15.0% | Fwd EPS growth                                      68.0%  -> A (9.5)   band: >= 20.0% | 3-yr gross margin trend (bps)                     +122bps  -> A (9.5)   band: >= +100bps,high,auto,8.0,80.0
AVGO,15,B: Durable Compounder,Profitability,C186,9,D186,ROIC 3-yr average                                   19.5%  -> B (7.5)   band: >= 13.0% | ROIC persistence (share of yrs >12%)                75.0%  -> B (7.5)   band: >= 60.0% | Gross margin vs peer set                           100.0%  -> A (9.5)   band: >= 75.0% | Return on equity                                    37.3%  -> A (9.5)   band: >= 20.0%,high,auto,8.0,80.0
AVGO,15,B: Durable Compounder,Financials,C187,6,D187,Net debt / EBITDA                                   1.16x  -> B (7.5)   band: <= 1.50x | EBIT / interest expense                            10.69x  -> B (7.5)   band: >= 8.00x | FCF / net income (3-yr)                            148.4%  -> A (9.5)   band: >= 100.0% | Diluted share count 3-yr CAGR                        4.7%  -> D (3.5)   band: <= 6.0%,high,auto,8.0,80.0
AVGO,15,B: Durable Compounder,Business Quality,C188,7,D188,"ROIC persistence (share of yrs >12%)                75.0%  -> B (7.5)   band: >= 60.0% | Gross margin stability (band, bps)                +590bps  -> C (5.5)   band: <= +800bps",medium,tier3,8.0,80.0
AVGO,15,B: Durable Compounder,Management,C189,6,D189,"SBC as % of revenue                                 11.6%  -> C (5.5)   band: <= 12.0% | EPS beats, last 8Q                                      4  -> C (5.5)   band: >= 4 | Insider net open-market activity                       -2  -> F (1.5)   band: < -1.50",high,auto,8.0,80.0
AVGO,15,B: Durable Compounder,Income,C190,10,D190,Revenue change in weakest year shown                 7.9%  -> A (9.5)   band: >= 0.0%,low,tier3,8.0,80.0
AVGO,15,B: Durable Compounder,Market Sentiment,C191,10,D191,Short interest % of float                            1.3%  -> A (9.5)   band: <= 2.0% | Institutional ownership trend                           1  -> A (9.5)   band: >= 0.50 | Insider net open-market activity (6mo)                 -2  -> F (1.5)   band: < -1.50,high,auto,8.0,80.0
AVGO,15,B: Durable Compounder,EPS/Revison Trends,C192,10,D192,"FY2 consensus EPS change vs 3mo ago                  7.2%  -> A (9.5)   band: >= 5.0% | Revision breadth (share up)                        100.0%  -> A (9.5)   band: >= 70.0% | EPS beats, last 8Q                                      4  -> C (5.5)   band: >= 4",high,auto,8.0,80.0
AVGO,15,B: Durable Compounder,Industry/Sector Tailwinds,C193,10,D193,Peer-median fwd revenue growth                      26.7%  -> A (9.5)   band: >= 10.0%,low,auto,8.0,80.0
AXTI,16,C: High Growth,Valuation,C197,2,D197,FCF yield                                           -0.2%  -> F (1.5)   band: < 1.0% | PEG                                                 12.09  -> F (1.5)   band: > 2.50,medium,auto,5.6,56.0
AXTI,16,C: High Growth,Growth,C198,10,D198,Fwd revenue growth (high-growth bands)             111.3%  -> A (9.5)   band: >= 40.0% | Rule of 40 (growth% + FCF margin%)                 100.15  -> A (9.5)   band: >= 50 | Gross margin                                        12.7%  -> F (1.5)   band: < 35.0%,high,auto,5.6,56.0
AXTI,16,C: High Growth,Profitability,C199,2,D199,ROIC 3-yr average                                   -5.6%  -> F (1.5)   band: < 4.0% | ROIC persistence (share of yrs >12%)                 0.0%  -> F (1.5)   band: < 20.0% | Gross margin vs peer set                             0.0%  -> F (1.5)   band: < 25.0% | Return on equity                                     1.0%  -> F (1.5)   band: < 5.0%,high,auto,5.6,56.0
AXTI,16,C: High Growth,Financials,C200,6,D200,Cash runway (yrs) -- dominant when FCF-negative          8.61y  -> B (7.5)   band: >= 4.00y | Net debt / EBITDA                                  -4.12x  -> A (9.5)   band: <= 0.50x | Diluted share count 3-yr CAGR                        0.9%  -> B (7.5)   band: <= 1.0%,high,auto,5.6,56.0
AXTI,16,C: High Growth,Business Quality,C201,2,D201,"ROIC persistence (share of yrs >12%)                 0.0%  -> F (1.5)   band: < 20.0% | Gross margin stability (band, bps)               +2421bps  -> F (1.5)   band: > +1500bps",medium,tier3,5.6,56.0
AXTI,16,C: High Growth,Management,C202,6,D202,"SBC as % of revenue                                  2.3%  -> A (9.5)   band: <= 5.0% | EPS beats, last 8Q                                      4  -> C (5.5)   band: >= 4 | Insider net open-market activity                       -2  -> F (1.5)   band: < -1.50",high,auto,5.6,56.0
AXTI,16,C: High Growth,Income,C203,2,D203,Revenue change in weakest year shown               -46.3%  -> F (1.5)   band: < -35.0%,low,tier3,5.6,56.0
AXTI,16,C: High Growth,Market Sentiment,C204,2,D204,Short interest % of float                           16.0%  -> F (1.5)   band: > 15.0% | Institutional ownership trend                           1  -> A (9.5)   band: >= 0.50 | Insider net open-market activity (6mo)                 -2  -> F (1.5)   band: < -1.50,high,auto,5.6,56.0
AXTI,16,C: High Growth,EPS/Revison Trends,C205,10,D205,"FY2 consensus EPS change vs 3mo ago                196.0%  -> A (9.5)   band: >= 5.0% | Revision breadth (share up)                        100.0%  -> A (9.5)   band: >= 70.0% | EPS beats, last 8Q                                      4  -> C (5.5)   band: >= 4",high,auto,5.6,56.0
AXTI,16,C: High Growth,Industry/Sector Tailwinds,C206,10,D206,Peer-median fwd revenue growth                      27.7%  -> A (9.5)   band: >= 10.0%,low,auto,5.6,56.0
B,17,D: Cyclical / Commodity,Valuation,C210,10,D210,FCF yield                                            7.4%  -> A (9.5)   band: >= 6.0% | Fwd P/E vs own 5-yr median                          98.8%  -> A (9.5)   band: >= 25.0% | Fwd TEV/EBITDA vs peer median                       27.2%  -> A (9.5)   band: >= 25.0% | PEG                                                  2.04  -> D (3.5)   band: <= 2.50,high,auto,8.3,83.0
B,17,D: Cyclical / Commodity,Growth,C211,8,D211,Fwd revenue growth                                  12.9%  -> B (7.5)   band: >= 8.0% | Fwd EPS growth                                      19.6%  -> B (7.5)   band: >= 10.0% | 3-yr gross margin trend (bps)                    +1933bps  -> A (9.5)   band: >= +100bps,high,auto,8.3,83.0
B,17,D: Cyclical / Commodity,Profitability,C212,7,D212,ROIC 3-yr average                                   17.3%  -> B (7.5)   band: >= 13.0% | ROIC persistence (share of yrs >12%)                50.0%  -> C (5.5)   band: >= 40.0% | Gross margin vs peer set                            42.9%  -> D (3.5)   band: >= 25.0% | Return on equity                                    27.0%  -> A (9.5)   band: >= 20.0%,high,auto,8.3,83.0
B,17,D: Cyclical / Commodity,Financials,C213,10,D213,Net debt / EBITDA                                  -0.12x  -> A (9.5)   band: <= 0.50x | EBIT / interest expense                            41.40x  -> A (9.5)   band: >= 12.00x | FCF / net income (3-yr)                             69.3%  -> D (3.5)   band: >= 50.0% | Diluted share count 3-yr CAGR                       -1.2%  -> A (9.5)   band: <= 0.0%,high,auto,8.3,83.0
B,17,D: Cyclical / Commodity,Business Quality,C214,4,D214,"ROIC persistence (share of yrs >12%)                50.0%  -> C (5.5)   band: >= 40.0% | Gross margin stability (band, bps)               +2085bps  -> F (1.5)   band: > +1500bps",medium,tier3,8.3,83.0
B,17,D: Cyclical / Commodity,Management,C215,7,D215,"SBC as % of revenue                                  1.3%  -> A (9.5)   band: <= 5.0% | EPS beats, last 8Q                                      3  -> D (3.5)   band: >= 2",medium,auto,8.3,83.0
B,17,D: Cyclical / Commodity,Income,C216,10,D216,Revenue change in weakest year shown                 3.5%  -> A (9.5)   band: >= 0.0%,low,tier3,8.3,83.0
B,17,D: Cyclical / Commodity,Market Sentiment,C217,8,D217,Short interest % of float                            1.0%  -> A (9.5)   band: <= 2.0% | Institutional ownership trend                           0  -> C (5.5)   band: >= -0.50,medium,auto,8.3,83.0
B,17,D: Cyclical / Commodity,EPS/Revison Trends,C218,4,D218,"FY2 consensus EPS change vs 3mo ago                 -5.3%  -> F (1.5)   band: < -5.0% | Revision breadth (share up)                         30.8%  -> D (3.5)   band: >= 30.0% | EPS beats, last 8Q                                      3  -> D (3.5)   band: >= 2",medium,auto,8.3,83.0
B,17,D: Cyclical / Commodity,Industry/Sector Tailwinds,C219,10,D219,Peer-median fwd revenue growth                      10.2%  -> A (9.5)   band: >= 10.0%,low,auto,8.3,83.0
BIOA,18,E: Early Biotech,Valuation,C223,2,D223,FCF yield                                          -18.5%  -> F (1.5)   band: < 1.0%,low,auto,4.1,41.0
BIOA,18,E: Early Biotech,Growth,C224,10,D224,Fwd revenue growth                                 105.6%  -> A (9.5)   band: >= 15.0%,low,auto,4.1,41.0
BIOA,18,E: Early Biotech,Profitability,C225,2,D225,ROIC 3-yr average                                  -71.2%  -> F (1.5)   band: < 4.0% | ROIC persistence (share of yrs >12%)                 0.0%  -> F (1.5)   band: < 20.0% | Gross margin vs peer set                             0.0%  -> F (1.5)   band: < 25.0% | Return on equity                                   -28.2%  -> F (1.5)   band: < 5.0%,high,auto,4.1,41.0
BIOA,18,E: Early Biotech,Financials,C226,4,D226,Cash runway (yrs) -- dominant when FCF-negative          2.14y  -> D (3.5)   band: >= 1.50y | Net debt / EBITDA                                   1.73x  -> C (5.5)   band: <= 2.50x | Diluted share count 3-yr CAGR                      178.0%  -> F (1.5)   band: > 6.0%,high,auto,4.1,41.0
BIOA,18,E: Early Biotech,Business Quality,C227,2,D227,ROIC persistence (share of yrs >12%)                 0.0%  -> F (1.5)   band: < 20.0%,low,tier3,4.1,41.0
BIOA,18,E: Early Biotech,Management,C228,2,D228,"SBC as % of revenue                                135.6%  -> F (1.5)   band: > 15.0% | EPS beats, last 8Q                                      2  -> D (3.5)   band: >= 2 | Insider net open-market activity                       -2  -> F (1.5)   band: < -1.50",high,auto,4.1,41.0
BIOA,18,E: Early Biotech,Income,C229,,D229,,none,tier3,4.1,41.0
BIOA,18,E: Early Biotech,Market Sentiment,C230,6,D230,Short interest % of float                            6.3%  -> C (5.5)   band: <= 8.0% | Institutional ownership trend                           1  -> A (9.5)   band: >= 0.50 | Insider net open-market activity (6mo)                 -2  -> F (1.5)   band: < -1.50,high,auto,4.1,41.0
BIOA,18,E: Early Biotech,EPS/Revison Trends,C231,8,D231,"FY2 consensus EPS change vs 3mo ago                 12.9%  -> A (9.5)   band: >= 5.0% | Revision breadth (share up)                         60.0%  -> B (7.5)   band: >= 55.0% | EPS beats, last 8Q                                      2  -> D (3.5)   band: >= 2",medium,auto,4.1,41.0
BIOA,18,E: Early Biotech,Industry/Sector Tailwinds,C232,8,D232,Peer-median fwd revenue growth                       8.8%  -> B (7.5)   band: >= 5.0%,low,auto,4.1,41.0
BZAI,19,C: High Growth,Valuation,C236,2,D236,FCF yield                                          -93.7%  -> F (1.5)   band: < 1.0%,low,auto,2.05,20.5
BZAI,19,C: High Growth,Growth,C237,2,D237,Fwd revenue growth (high-growth bands)             136.8%  -> A (9.5)   band: >= 40.0% | Rule of 40 (growth% + FCF margin%)                 -38.29  -> F (1.5)   band: < 10 | Gross margin                                        16.0%  -> F (1.5)   band: < 35.0%,high,auto,2.05,20.5
BZAI,19,C: High Growth,Profitability,C238,2,D238,ROIC 3-yr average                                 -535.5%  -> F (1.5)   band: < 4.0% | ROIC persistence (share of yrs >12%)                 0.0%  -> F (1.5)   band: < 20.0% | Return on equity                                  -426.6%  -> F (1.5)   band: < 5.0%,high,auto,2.05,20.5
BZAI,19,C: High Growth,Financials,C239,2,D239,Cash runway (yrs) -- dominant when FCF-negative          0.65y  -> F (1.5)   band: < 1.50y | Net debt / EBITDA                                   0.44x  -> A (9.5)   band: <= 0.50x | Diluted share count 3-yr CAGR                        0.9%  -> B (7.5)   band: <= 1.0%,high,auto,2.05,20.5
BZAI,19,C: High Growth,Business Quality,C240,2,D240,"ROIC persistence (share of yrs >12%)                 0.0%  -> F (1.5)   band: < 20.0% | Gross margin stability (band, bps)               +4671bps  -> F (1.5)   band: > +1500bps",medium,tier3,2.05,20.5
BZAI,19,C: High Growth,Management,C241,2,D241,"SBC as % of revenue                                 93.0%  -> F (1.5)   band: > 15.0% | EPS beats, last 8Q                                      3  -> D (3.5)   band: >= 2 | Insider net open-market activity                       -2  -> F (1.5)   band: < -1.50",high,auto,2.05,20.5
BZAI,19,C: High Growth,Income,C242,2,D242,Revenue change in weakest year shown              -100.0%  -> F (1.5)   band: < -35.0%,low,tier3,2.05,20.5
BZAI,19,C: High Growth,Market Sentiment,C243,4,D243,Short interest % of float                           13.9%  -> D (3.5)   band: <= 15.0% | Institutional ownership trend                           1  -> A (9.5)   band: >= 0.50 | Insider net open-market activity (6mo)                 -2  -> F (1.5)   band: < -1.50,high,auto,2.05,20.5
BZAI,19,C: High Growth,EPS/Revison Trends,C244,2,D244,"FY2 consensus EPS change vs 3mo ago                -88.5%  -> F (1.5)   band: < -5.0% | Revision breadth (share up)                          0.0%  -> F (1.5)   band: < 30.0% | EPS beats, last 8Q                                      3  -> D (3.5)   band: >= 2",high,auto,2.05,20.5
BZAI,19,C: High Growth,Industry/Sector Tailwinds,C245,,D245,,none,auto,2.05,20.5
CIEN,20,B: Durable Compounder,Valuation,C249,7,D249,FCF yield                                            1.3%  -> D (3.5)   band: >= 1.0% | Fwd P/E vs own 5-yr median                          71.1%  -> A (9.5)   band: >= 25.0% | Fwd TEV/EBITDA vs peer median                    -1426.6%  -> F (1.5)   band: < -30.0% | PEG                                                  0.74  -> A (9.5)   band: <= 1.00,high,auto,7.25,72.5
CIEN,20,B: Durable Compounder,Growth,C250,10,D250,Fwd revenue growth                                  26.6%  -> A (9.5)   band: >= 15.0% | Fwd EPS growth                                      47.4%  -> A (9.5)   band: >= 20.0% | 3-yr gross margin trend (bps)                      -92bps  -> D (3.5)   band: >= -200bps,high,auto,7.25,72.5
CIEN,20,B: Durable Compounder,Profitability,C251,6,D251,ROIC 3-yr average                                    6.6%  -> D (3.5)   band: >= 4.0% | ROIC persistence (share of yrs >12%)                 0.0%  -> F (1.5)   band: < 20.0% | Gross margin vs peer set                           100.0%  -> A (9.5)   band: >= 75.0% | Return on equity                                    15.5%  -> B (7.5)   band: >= 15.0%,high,auto,7.25,72.5
CIEN,20,B: Durable Compounder,Financials,C252,9,D252,Net debt / EBITDA                                   0.68x  -> B (7.5)   band: <= 1.50x | EBIT / interest expense                             6.53x  -> C (5.5)   band: >= 4.00x | FCF / net income (3-yr)                            239.2%  -> A (9.5)   band: >= 100.0% | Diluted share count 3-yr CAGR                       -1.5%  -> A (9.5)   band: <= 0.0%,high,auto,7.25,72.5
CIEN,20,B: Durable Compounder,Business Quality,C253,6,D253,"ROIC persistence (share of yrs >12%)                 0.0%  -> F (1.5)   band: < 20.0% | Gross margin stability (band, bps)                 +92bps  -> A (9.5)   band: <= +200bps",medium,tier3,7.25,72.5
CIEN,20,B: Durable Compounder,Management,C254,6,D254,"SBC as % of revenue                                  3.6%  -> A (9.5)   band: <= 5.0% | EPS beats, last 8Q                                      4  -> C (5.5)   band: >= 4 | Insider net open-market activity                       -2  -> F (1.5)   band: < -1.50",high,auto,7.25,72.5
CIEN,20,B: Durable Compounder,Income,C255,6,D255,Revenue change in weakest year shown                -8.5%  -> C (5.5)   band: >= -20.0%,low,tier3,7.25,72.5
CIEN,20,B: Durable Compounder,Market Sentiment,C256,2,D256,Short interest % of float                            4.1%  -> B (7.5)   band: <= 5.0% | Institutional ownership trend                          -1  -> F (1.5)   band: < -0.90 | Insider net open-market activity (6mo)                 -2  -> F (1.5)   band: < -1.50,high,auto,7.25,72.5
CIEN,20,B: Durable Compounder,EPS/Revison Trends,C257,10,D257,"FY2 consensus EPS change vs 3mo ago                 14.0%  -> A (9.5)   band: >= 5.0% | Revision breadth (share up)                        100.0%  -> A (9.5)   band: >= 70.0% | EPS beats, last 8Q                                      4  -> C (5.5)   band: >= 4",high,auto,7.25,72.5
CIEN,20,B: Durable Compounder,Industry/Sector Tailwinds,C258,10,D258,Peer-median fwd revenue growth                      20.6%  -> A (9.5)   band: >= 10.0%,low,auto,7.25,72.5
CLS,21,B: Durable Compounder,Valuation,C262,6,D262,FCF yield                                            1.2%  -> D (3.5)   band: >= 1.0% | Fwd P/E vs own 5-yr median                          14.9%  -> B (7.5)   band: >= 10.0% | Fwd TEV/EBITDA vs peer median                      -64.9%  -> F (1.5)   band: < -30.0% | PEG                                                  1.00  -> A (9.5)   band: <= 1.00,high,auto,8.4,84.0
CLS,21,B: Durable Compounder,Growth,C263,10,D263,Fwd revenue growth                                  70.6%  -> A (9.5)   band: >= 15.0% | Fwd EPS growth                                      74.0%  -> A (9.5)   band: >= 20.0% | 3-yr gross margin trend (bps)                     +310bps  -> A (9.5)   band: >= +100bps,high,auto,8.4,84.0
CLS,21,B: Durable Compounder,Profitability,C264,9,D264,ROIC 3-yr average                                   24.0%  -> A (9.5)   band: >= 20.0% | ROIC persistence (share of yrs >12%)                75.0%  -> B (7.5)   band: >= 60.0% | Gross margin vs peer set                            28.6%  -> D (3.5)   band: >= 25.0% | Return on equity                                    52.7%  -> A (9.5)   band: >= 20.0%,high,auto,8.4,84.0
CLS,21,B: Durable Compounder,Financials,C265,10,D265,Net debt / EBITDA                                   0.12x  -> A (9.5)   band: <= 0.50x | EBIT / interest expense                            22.00x  -> A (9.5)   band: >= 12.00x | FCF / net income (3-yr)                             64.0%  -> D (3.5)   band: >= 50.0% | Diluted share count 3-yr CAGR                       -2.0%  -> A (9.5)   band: <= 0.0%,high,auto,8.4,84.0
CLS,21,B: Durable Compounder,Business Quality,C266,8,D266,"ROIC persistence (share of yrs >12%)                75.0%  -> B (7.5)   band: >= 60.0% | Gross margin stability (band, bps)                +310bps  -> B (7.5)   band: <= +400bps",medium,tier3,8.4,84.0
CLS,21,B: Durable Compounder,Management,C267,6,D267,"SBC as % of revenue                                  0.5%  -> A (9.5)   band: <= 5.0% | EPS beats, last 8Q                                      4  -> C (5.5)   band: >= 4 | Insider net open-market activity                       -2  -> F (1.5)   band: < -1.50",high,auto,8.4,84.0
CLS,21,B: Durable Compounder,Income,C268,10,D268,Revenue change in weakest year shown                 9.8%  -> A (9.5)   band: >= 0.0%,low,tier3,8.4,84.0
CLS,21,B: Durable Compounder,Market Sentiment,C269,8,D269,Short interest % of float                            2.9%  -> B (7.5)   band: <= 5.0% | Institutional ownership trend                           1  -> A (9.5)   band: >= 0.50 | Insider net open-market activity (6mo)                 -2  -> F (1.5)   band: < -1.50,high,auto,8.4,84.0
CLS,21,B: Durable Compounder,EPS/Revison Trends,C270,10,D270,"FY2 consensus EPS change vs 3mo ago                 30.2%  -> A (9.5)   band: >= 5.0% | Revision breadth (share up)                        100.0%  -> A (9.5)   band: >= 70.0% | EPS beats, last 8Q                                      4  -> C (5.5)   band: >= 4",high,auto,8.4,84.0
CLS,21,B: Durable Compounder,Industry/Sector Tailwinds,C271,10,D271,Peer-median fwd revenue growth                      29.8%  -> A (9.5)   band: >= 10.0%,low,auto,8.4,84.0
COHR,22,B: Durable Compounder,Valuation,C275,2,D275,FCF yield                                           -1.5%  -> F (1.5)   band: < 1.0% | Fwd TEV/EBITDA vs peer median                     -163.5%  -> F (1.5)   band: < -30.0% | PEG                                                  0.92  -> A (9.5)   band: <= 1.00,high,auto,5.25,52.5
COHR,22,B: Durable Compounder,Growth,C276,10,D276,Fwd revenue growth                                  36.3%  -> A (9.5)   band: >= 15.0% | Fwd EPS growth                                      49.1%  -> A (9.5)   band: >= 20.0% | 3-yr gross margin trend (bps)                     +613bps  -> A (9.5)   band: >= +100bps,high,auto,5.25,52.5
COHR,22,B: Durable Compounder,Profitability,C277,3,D277,ROIC 3-yr average                                    3.4%  -> F (1.5)   band: < 4.0% | ROIC persistence (share of yrs >12%)                 0.0%  -> F (1.5)   band: < 20.0% | Gross margin vs peer set                            50.0%  -> C (5.5)   band: >= 45.0% | Return on equity                                     8.0%  -> D (3.5)   band: >= 5.0%,high,auto,5.25,52.5
COHR,22,B: Durable Compounder,Financials,C278,4,D278,Net debt / EBITDA                                   1.67x  -> C (5.5)   band: <= 2.50x | EBIT / interest expense                             5.46x  -> C (5.5)   band: >= 4.00x | FCF / net income (3-yr)                            -91.5%  -> F (1.5)   band: < 50.0% | Diluted share count 3-yr CAGR                       12.4%  -> F (1.5)   band: > 6.0%,high,auto,5.25,52.5
COHR,22,B: Durable Compounder,Business Quality,C279,4,D279,"ROIC persistence (share of yrs >12%)                 0.0%  -> F (1.5)   band: < 20.0% | Gross margin stability (band, bps)                +657bps  -> C (5.5)   band: <= +800bps",medium,tier3,5.25,52.5
COHR,22,B: Durable Compounder,Management,C280,6,D280,"SBC as % of revenue                                  2.6%  -> A (9.5)   band: <= 5.0% | EPS beats, last 8Q                                      4  -> C (5.5)   band: >= 4 | Insider net open-market activity                       -2  -> F (1.5)   band: < -1.50",high,auto,5.25,52.5
COHR,22,B: Durable Compounder,Income,C281,6,D281,Revenue change in weakest year shown                -8.8%  -> C (5.5)   band: >= -20.0%,low,tier3,5.25,52.5
COHR,22,B: Durable Compounder,Market Sentiment,C282,6,D282,Short interest % of float                            5.4%  -> C (5.5)   band: <= 8.0% | Institutional ownership trend                           1  -> A (9.5)   band: >= 0.50 | Insider net open-market activity (6mo)                 -2  -> F (1.5)   band: < -1.50,high,auto,5.25,52.5
COHR,22,B: Durable Compounder,EPS/Revison Trends,C283,10,D283,"FY2 consensus EPS change vs 3mo ago                 13.9%  -> A (9.5)   band: >= 5.0% | Revision breadth (share up)                        100.0%  -> A (9.5)   band: >= 70.0% | EPS beats, last 8Q                                      4  -> C (5.5)   band: >= 4",high,auto,5.25,52.5
COHR,22,B: Durable Compounder,Industry/Sector Tailwinds,C284,10,D284,Peer-median fwd revenue growth                      11.4%  -> A (9.5)   band: >= 10.0%,low,auto,5.25,52.5
CRDO,23,B: Durable Compounder,Valuation,C288,6,D288,FCF yield                                            0.8%  -> F (1.5)   band: < 1.0% | PEG                                                  0.65  -> A (9.5)   band: <= 1.00,medium,auto,7.0,70.0
CRDO,23,B: Durable Compounder,Growth,C289,10,D289,Fwd revenue growth                                  50.0%  -> A (9.5)   band: >= 15.0% | Fwd EPS growth                                      48.3%  -> B (7.5)   band: >= 20.0%  [demoted to B: fwd_revenue_growth is not None and fwd_eps_growth is not None and fwd_eps_growth <= fwd_revenue_growth] | 3-yr gross margin trend (bps)                    +1038bps  -> A (9.5)   band: >= +100bps,high,auto,7.0,70.0
CRDO,23,B: Durable Compounder,Profitability,C290,8,D290,ROIC 3-yr average                                   16.0%  -> B (7.5)   band: >= 13.0% | ROIC persistence (share of yrs >12%)                25.0%  -> D (3.5)   band: >= 20.0% | Gross margin vs peer set                            87.5%  -> A (9.5)   band: >= 75.0% | Return on equity                                    34.4%  -> B (7.5)   band: >= 20.0%  [demoted to B: debt_to_equity is not None and debt_to_equity >= 1.0],high,auto,7.0,70.0
CRDO,23,B: Durable Compounder,Financials,C291,9,D291,Net debt / EBITDA                                  -2.38x  -> A (9.5)   band: <= 0.50x | EBIT / interest expense                           999.00x  -> A (9.5)   band: >= 12.00x | FCF / net income (3-yr)                             91.3%  -> B (7.5)   band: >= 85.0% | Diluted share count 3-yr CAGR                        8.6%  -> F (1.5)   band: > 6.0%,high,auto,7.0,70.0
CRDO,23,B: Durable Compounder,Business Quality,C292,4,D292,"ROIC persistence (share of yrs >12%)                25.0%  -> D (3.5)   band: >= 20.0% | Gross margin stability (band, bps)               +1038bps  -> D (3.5)   band: <= +1500bps",medium,tier3,7.0,70.0
CRDO,23,B: Durable Compounder,Management,C293,4,D293,"SBC as % of revenue                                 13.7%  -> D (3.5)   band: <= 15.0% | EPS beats, last 8Q                                      4  -> C (5.5)   band: >= 4 | Insider net open-market activity                       -2  -> F (1.5)   band: < -1.50",high,auto,7.0,70.0
CRDO,23,B: Durable Compounder,Income,C294,10,D294,Revenue change in weakest year shown                 4.8%  -> A (9.5)   band: >= 0.0%,low,tier3,7.0,70.0
CRDO,23,B: Durable Compounder,Market Sentiment,C295,2,D295,Short interest % of float                            3.7%  -> B (7.5)   band: <= 5.0% | Institutional ownership trend                          -1  -> F (1.5)   band: < -0.90 | Insider net open-market activity (6mo)                 -2  -> F (1.5)   band: < -1.50,high,auto,7.0,70.0
CRDO,23,B: Durable Compounder,EPS/Revison Trends,C296,10,D296,"FY2 consensus EPS change vs 3mo ago                 19.9%  -> A (9.5)   band: >= 5.0% | Revision breadth (share up)                        100.0%  -> A (9.5)   band: >= 70.0% | EPS beats, last 8Q                                      4  -> C (5.5)   band: >= 4",medium,auto,7.0,70.0
CRDO,23,B: Durable Compounder,Industry/Sector Tailwinds,C297,10,D297,Peer-median fwd revenue growth                      13.5%  -> A (9.5)   band: >= 10.0%,low,auto,7.0,70.0
CRWV,24,C: High Growth,Valuation,C301,6,D301,FCF yield                                          -18.2%  -> F (1.5)   band: < 1.0% | Fwd TEV/EBITDA vs peer median                       35.4%  -> A (9.5)   band: >= 25.0%,medium,auto,4.8,48.0
CRWV,24,C: High Growth,Growth,C302,8,D302,Fwd revenue growth (high-growth bands)             104.7%  -> A (9.5)   band: >= 40.0% | Rule of 40 (growth% + FCF margin%)                 -65.82  -> F (1.5)   band: < 10 | Gross margin                                        71.7%  -> B (7.5)   band: >= 65.0%,high,auto,4.8,48.0
CRWV,24,C: High Growth,Profitability,C303,2,D303,ROIC 3-yr average                                  -16.3%  -> F (1.5)   band: < 4.0% | ROIC persistence (share of yrs >12%)                 0.0%  -> F (1.5)   band: < 20.0% | Gross margin vs peer set                            37.5%  -> D (3.5)   band: >= 25.0% | Return on equity                                   -43.6%  -> F (1.5)   band: < 5.0%  [notched F->F: debt_to_equity is not None and debt_to_equity > 2.0],high,auto,4.8,48.0
CRWV,24,C: High Growth,Financials,C304,2,D304,Cash runway (yrs) -- dominant when FCF-negative          0.29y  -> F (1.5)   band: < 1.50y | Net debt / EBITDA                                   7.05x  -> F (1.5)   band: > 4.00x | Diluted share count 3-yr CAGR                        2.5%  -> C (5.5)   band: <= 3.0%,high,auto,4.8,48.0
CRWV,24,C: High Growth,Business Quality,C305,2,D305,"ROIC persistence (share of yrs >12%)                 0.0%  -> F (1.5)   band: < 20.0% | Gross margin stability (band, bps)               +5083bps  -> F (1.5)   band: > +1500bps",medium,tier3,4.8,48.0
CRWV,24,C: High Growth,Management,C306,4,D306,"SBC as % of revenue                                  9.6%  -> C (5.5)   band: <= 12.0% | EPS beats, last 8Q                                      2  -> D (3.5)   band: >= 2 | Insider net open-market activity                       -2  -> F (1.5)   band: < -1.50",high,auto,4.8,48.0
CRWV,24,C: High Growth,Income,C307,10,D307,Revenue change in weakest year shown               167.9%  -> A (9.5)   band: >= 0.0%,low,tier3,4.8,48.0
CRWV,24,C: High Growth,Market Sentiment,C308,2,D308,Short interest % of float                           20.4%  -> F (1.5)   band: > 15.0% | Institutional ownership trend                           1  -> A (9.5)   band: >= 0.50 | Insider net open-market activity (6mo)                 -2  -> F (1.5)   band: < -1.50,high,auto,4.8,48.0
CRWV,24,C: High Growth,EPS/Revison Trends,C309,4,D309,"FY2 consensus EPS change vs 3mo ago                -29.2%  -> F (1.5)   band: < -5.0% | Revision breadth (share up)                         33.3%  -> D (3.5)   band: >= 30.0% | EPS beats, last 8Q                                      2  -> D (3.5)   band: >= 2",medium,auto,4.8,48.0
CRWV,24,C: High Growth,Industry/Sector Tailwinds,C310,10,D310,Peer-median fwd revenue growth                      11.0%  -> A (9.5)   band: >= 10.0%,low,auto,4.8,48.0
DRTS,25,E: Early Biotech,Valuation,C314,2,D314,FCF yield                                           -2.5%  -> F (1.5)   band: < 1.0%,low,auto,3.8,38.0
DRTS,25,E: Early Biotech,Growth,C315,10,D315,Fwd revenue growth                                1772.2%  -> A (9.5)   band: >= 15.0%,low,auto,3.8,38.0
DRTS,25,E: Early Biotech,Profitability,C316,2,D316,ROIC 3-yr average                                  -46.3%  -> F (1.5)   band: < 4.0% | ROIC persistence (share of yrs >12%)                 0.0%  -> F (1.5)   band: < 20.0% | Gross margin vs peer set                            28.6%  -> D (3.5)   band: >= 25.0% | Return on equity                                  -141.7%  -> F (1.5)   band: < 5.0%,high,auto,3.8,38.0
DRTS,25,E: Early Biotech,Financials,C317,2,D317,Cash runway (yrs) -- dominant when FCF-negative          0.37y  -> F (1.5)   band: < 1.50y | Net debt / EBITDA                                  -0.03x  -> A (9.5)   band: <= 0.50x | Diluted share count 3-yr CAGR                        8.2%  -> F (1.5)   band: > 6.0%,high,auto,3.8,38.0
DRTS,25,E: Early Biotech,Business Quality,C318,2,D318,ROIC persistence (share of yrs >12%)                 0.0%  -> F (1.5)   band: < 20.0%,low,tier3,3.8,38.0
DRTS,25,E: Early Biotech,Management,C319,2,D319,"EPS beats, last 8Q                                      0  -> F (1.5)   band: < 2 | Insider net open-market activity                       -2  -> F (1.5)   band: < -1.50",medium,auto,3.8,38.0
DRTS,25,E: Early Biotech,Income,C320,,D320,,none,tier3,3.8,38.0
DRTS,25,E: Early Biotech,Market Sentiment,C321,6,D321,Short interest % of float                            5.2%  -> C (5.5)   band: <= 8.0% | Institutional ownership trend                           1  -> A (9.5)   band: >= 0.50 | Insider net open-market activity (6mo)                 -2  -> F (1.5)   band: < -1.50,high,auto,3.8,38.0
DRTS,25,E: Early Biotech,EPS/Revison Trends,C322,2,D322,"FY2 consensus EPS change vs 3mo ago                -23.7%  -> F (1.5)   band: < -5.0% | Revision breadth (share up)                          0.0%  -> F (1.5)   band: < 30.0% | EPS beats, last 8Q                                      0  -> F (1.5)   band: < 2",high,auto,3.8,38.0
DRTS,25,E: Early Biotech,Industry/Sector Tailwinds,C323,10,D323,Peer-median fwd revenue growth                      10.6%  -> A (9.5)   band: >= 10.0%,low,auto,3.8,38.0
DY,26,B: Durable Compounder,Valuation,C327,6,D327,FCF yield                                            3.4%  -> C (5.5)   band: >= 2.5% | Fwd P/E vs own 5-yr median                           1.4%  -> C (5.5)   band: >= -10.0% | Fwd TEV/EBITDA vs peer median                        4.6%  -> C (5.5)   band: >= -10.0% | PEG                                                  3.50  -> F (1.5)   band: > 2.50,high,auto,7.1,71.0
DY,26,B: Durable Compounder,Growth,C328,10,D328,Fwd revenue growth                                  11.6%  -> B (7.5)   band: >= 8.0% | Fwd EPS growth                                      20.5%  -> A (9.5)   band: >= 20.0% | 3-yr gross margin trend (bps)                     +354bps  -> A (9.5)   band: >= +100bps,high,auto,7.1,71.0
DY,26,B: Durable Compounder,Profitability,C329,6,D329,ROIC 3-yr average                                   11.6%  -> C (5.5)   band: >= 9.0% | ROIC persistence (share of yrs >12%)                50.0%  -> C (5.5)   band: >= 40.0% | Gross margin vs peer set                            50.0%  -> C (5.5)   band: >= 45.0% | Return on equity                                    19.7%  -> B (7.5)   band: >= 15.0%,high,auto,7.1,71.0
DY,26,B: Durable Compounder,Financials,C330,6,D330,Net debt / EBITDA                                   2.77x  -> D (3.5)   band: <= 4.00x | EBIT / interest expense                             5.50x  -> C (5.5)   band: >= 4.00x | FCF / net income (3-yr)                             73.7%  -> C (5.5)   band: >= 70.0% | Diluted share count 3-yr CAGR                       -0.6%  -> A (9.5)   band: <= 0.0%,high,auto,7.1,71.0
DY,26,B: Durable Compounder,Business Quality,C331,7,D331,"ROIC persistence (share of yrs >12%)                50.0%  -> C (5.5)   band: >= 40.0% | Gross margin stability (band, bps)                +354bps  -> B (7.5)   band: <= +400bps",medium,tier3,7.1,71.0
DY,26,B: Durable Compounder,Management,C332,6,D332,"SBC as % of revenue                                  0.6%  -> A (9.5)   band: <= 5.0% | EPS beats, last 8Q                                      4  -> C (5.5)   band: >= 4 | Insider net open-market activity                        0  -> C (5.5)   band: >= -0.50",high,auto,7.1,71.0
DY,26,B: Durable Compounder,Income,C333,10,D333,Revenue change in weakest year shown                 9.6%  -> A (9.5)   band: >= 0.0%,low,tier3,7.1,71.0
DY,26,B: Durable Compounder,Market Sentiment,C334,6,D334,Short interest % of float                            6.2%  -> C (5.5)   band: <= 8.0% | Institutional ownership trend                           0  -> C (5.5)   band: >= -0.50 | Insider net open-market activity (6mo)                  0  -> C (5.5)   band: >= -0.50,high,auto,7.1,71.0
DY,26,B: Durable Compounder,EPS/Revison Trends,C335,6,D335,"FY2 consensus EPS change vs 3mo ago                 16.2%  -> A (9.5)   band: >= 5.0% | Revision breadth (share up)                          0.0%  -> F (1.5)   band: < 30.0% | EPS beats, last 8Q                                      4  -> C (5.5)   band: >= 4",high,auto,7.1,71.0
DY,26,B: Durable Compounder,Industry/Sector Tailwinds,C336,10,D336,Peer-median fwd revenue growth                      17.1%  -> A (9.5)   band: >= 10.0%,low,auto,7.1,71.0
ENVA,27,F: Financial Institution,Valuation,C340,10,D340,FCF yield                                           29.7%  -> A (9.5)   band: >= 6.0% | Fwd P/E vs own 5-yr median                         -10.3%  -> D (3.5)   band: >= -30.0% | PEG                                                  0.65  -> A (9.5)   band: <= 1.00,high,auto,8.1,81.0
ENVA,27,F: Financial Institution,Growth,C341,8,D341,Fwd revenue growth                                  22.0%  -> A (9.5)   band: >= 15.0% | Fwd EPS growth                                      19.7%  -> B (7.5)   band: >= 10.0% | 3-yr gross margin trend (bps)                    -1039bps  -> F (1.5)   band: < -200bps,high,auto,8.1,81.0
ENVA,27,F: Financial Institution,Profitability,C342,10,D342,Return on equity (financials bands)                 26.1%  -> A (9.5)   band: >= 15.0%,low,auto,8.1,81.0
ENVA,27,F: Financial Institution,Financials,C343,10,D343,Diluted share count 3-yr CAGR                       -7.2%  -> A (9.5)   band: <= 0.0%,low,auto,8.1,81.0
ENVA,27,F: Financial Institution,Business Quality,C344,3,D344,"ROIC persistence (share of yrs >12%)                 0.0%  -> F (1.5)   band: < 20.0% | Gross margin stability (band, bps)               +1108bps  -> D (3.5)   band: <= +1500bps",medium,tier3,8.1,81.0
ENVA,27,F: Financial Institution,Management,C345,6,D345,"SBC as % of revenue                                  1.0%  -> A (9.5)   band: <= 5.0% | EPS beats, last 8Q                                      4  -> C (5.5)   band: >= 4 | Insider net open-market activity                       -2  -> F (1.5)   band: < -1.50",high,auto,8.1,81.0
ENVA,27,F: Financial Institution,Income,C346,10,D346,Revenue change in weakest year shown                18.6%  -> A (9.5)   band: >= 0.0%,low,tier3,8.1,81.0
ENVA,27,F: Financial Institution,Market Sentiment,C347,4,D347,Short interest % of float                           10.4%  -> D (3.5)   band: <= 15.0% | Institutional ownership trend                           1  -> A (9.5)   band: >= 0.50 | Insider net open-market activity (6mo)                 -2  -> F (1.5)   band: < -1.50,high,auto,8.1,81.0
ENVA,27,F: Financial Institution,EPS/Revison Trends,C348,10,D348,"FY2 consensus EPS change vs 3mo ago                  5.2%  -> A (9.5)   band: >= 5.0% | Revision breadth (share up)                        100.0%  -> A (9.5)   band: >= 70.0% | EPS beats, last 8Q                                      4  -> C (5.5)   band: >= 4",high,auto,8.1,81.0
ENVA,27,F: Financial Institution,Industry/Sector Tailwinds,C349,8,D349,Peer-median fwd revenue growth                       6.1%  -> B (7.5)   band: >= 5.0%,low,auto,8.1,81.0
EQX,28,D: Cyclical / Commodity,Valuation,C353,7,D353,FCF yield                                            1.3%  -> D (3.5)   band: >= 1.0% | Fwd P/E vs own 5-yr median                         413.0%  -> A (9.5)   band: >= 25.0% | Fwd TEV/EBITDA vs peer median                      -18.4%  -> D (3.5)   band: >= -30.0% | PEG                                                  0.21  -> A (9.5)   band: <= 1.00,high,auto,5.45,54.5
EQX,28,D: Cyclical / Commodity,Growth,C354,10,D354,Fwd revenue growth                                  28.8%  -> A (9.5)   band: >= 15.0% | Fwd EPS growth                                      36.7%  -> A (9.5)   band: >= 20.0% | 3-yr gross margin trend (bps)                    +2652bps  -> A (9.5)   band: >= +100bps,high,auto,5.45,54.5
EQX,28,D: Cyclical / Commodity,Profitability,C355,2,D355,ROIC 3-yr average                                    3.8%  -> F (1.5)   band: < 4.0% | ROIC persistence (share of yrs >12%)                 0.0%  -> F (1.5)   band: < 20.0% | Gross margin vs peer set                             0.0%  -> F (1.5)   band: < 25.0% | Return on equity                                     8.5%  -> D (3.5)   band: >= 5.0%,high,auto,5.45,54.5
EQX,28,D: Cyclical / Commodity,Financials,C356,4,D356,Net debt / EBITDA                                   0.74x  -> B (7.5)   band: <= 1.50x | EBIT / interest expense                             7.16x  -> C (5.5)   band: >= 4.00x | FCF / net income (3-yr)                            -13.4%  -> F (1.5)   band: < 50.0% | Diluted share count 3-yr CAGR                       27.5%  -> F (1.5)   band: > 6.0%,high,auto,5.45,54.5
EQX,28,D: Cyclical / Commodity,Business Quality,C357,2,D357,"ROIC persistence (share of yrs >12%)                 0.0%  -> F (1.5)   band: < 20.0% | Gross margin stability (band, bps)               +2652bps  -> F (1.5)   band: > +1500bps",medium,tier3,5.45,54.5
EQX,28,D: Cyclical / Commodity,Management,C358,4,D358,"EPS beats, last 8Q                                      2  -> D (3.5)   band: >= 2 | Insider net open-market activity                    -1.27  -> D (3.5)   band: >= -1.50",medium,auto,5.45,54.5
EQX,28,D: Cyclical / Commodity,Income,C359,6,D359,Revenue change in weakest year shown               -16.1%  -> C (5.5)   band: >= -20.0%,low,tier3,5.45,54.5
EQX,28,D: Cyclical / Commodity,Market Sentiment,C360,8,D360,Short interest % of float                            3.8%  -> B (7.5)   band: <= 5.0% | Institutional ownership trend                           1  -> A (9.5)   band: >= 0.50 | Insider net open-market activity (6mo)              -1.27  -> D (3.5)   band: >= -1.50,high,auto,5.45,54.5
EQX,28,D: Cyclical / Commodity,EPS/Revison Trends,C361,2,D361,"FY2 consensus EPS change vs 3mo ago                -16.3%  -> F (1.5)   band: < -5.0% | Revision breadth (share up)                          0.0%  -> F (1.5)   band: < 30.0% | EPS beats, last 8Q                                      2  -> D (3.5)   band: >= 2",medium,auto,5.45,54.5
EQX,28,D: Cyclical / Commodity,Industry/Sector Tailwinds,C362,10,D362,Peer-median fwd revenue growth                      10.2%  -> A (9.5)   band: >= 10.0%,low,auto,5.45,54.5
ET,29,B: Durable Compounder,Valuation,C366,10,D366,FCF yield                                            7.2%  -> A (9.5)   band: >= 6.0% | Fwd P/E vs own 5-yr median                         -11.3%  -> D (3.5)   band: >= -30.0% | Fwd TEV/EBITDA vs peer median                       32.5%  -> A (9.5)   band: >= 25.0% | PEG                                                  0.67  -> A (9.5)   band: <= 1.00,high,auto,7.25,72.5
ET,29,B: Durable Compounder,Growth,C367,4,D367,Fwd revenue growth                                   0.8%  -> D (3.5)   band: >= 0.0% | Fwd EPS growth                                       0.4%  -> D (3.5)   band: >= 0.0% | 3-yr gross margin trend (bps)                     +413bps  -> A (9.5)   band: >= +100bps,high,auto,7.25,72.5
ET,29,B: Durable Compounder,Profitability,C368,7,D368,ROIC 3-yr average                                   14.4%  -> B (7.5)   band: >= 13.0% | ROIC persistence (share of yrs >12%)               100.0%  -> A (9.5)   band: >= 80.0% | Gross margin vs peer set                            12.5%  -> F (1.5)   band: < 25.0% | Return on equity                                    14.6%  -> C (5.5)   band: >= 10.0%,high,auto,7.25,72.5
ET,29,B: Durable Compounder,Financials,C369,4,D369,Net debt / EBITDA                                   4.01x  -> F (1.5)   band: > 4.00x | EBIT / interest expense                             3.06x  -> D (3.5)   band: >= 2.00x | FCF / net income (3-yr)                            133.6%  -> A (9.5)   band: >= 100.0% | Diluted share count 3-yr CAGR                        3.7%  -> D (3.5)   band: <= 6.0%,high,auto,7.25,72.5
ET,29,B: Durable Compounder,Business Quality,C370,8,D370,"ROIC persistence (share of yrs >12%)               100.0%  -> A (9.5)   band: >= 80.0% | Gross margin stability (band, bps)                +413bps  -> C (5.5)   band: <= +800bps",medium,tier3,7.25,72.5
ET,29,B: Durable Compounder,Management,C371,10,D371,"SBC as % of revenue                                  0.2%  -> A (9.5)   band: <= 5.0% | EPS beats, last 8Q                                      1  -> F (1.5)   band: < 2 | Insider net open-market activity                        2  -> A (9.5)   band: >= 1.50",high,auto,7.25,72.5
ET,29,B: Durable Compounder,Income,C372,6,D372,Revenue change in weakest year shown               -12.6%  -> C (5.5)   band: >= -20.0%,low,tier3,7.25,72.5
ET,29,B: Durable Compounder,Market Sentiment,C373,10,D373,Short interest % of float                            0.8%  -> A (9.5)   band: <= 2.0% | Institutional ownership trend                           0  -> C (5.5)   band: >= -0.50 | Insider net open-market activity (6mo)                  2  -> A (9.5)   band: >= 1.50,high,auto,7.25,72.5
ET,29,B: Durable Compounder,EPS/Revison Trends,C374,8,D374,"FY2 consensus EPS change vs 3mo ago                 10.0%  -> A (9.5)   band: >= 5.0% | Revision breadth (share up)                         60.0%  -> B (7.5)   band: >= 55.0% | EPS beats, last 8Q                                      1  -> F (1.5)   band: < 2",high,auto,7.25,72.5
ET,29,B: Durable Compounder,Industry/Sector Tailwinds,C375,6,D375,Peer-median fwd revenue growth                       3.9%  -> C (5.5)   band: >= 0.0%,low,auto,7.25,72.5
FSLY,30,C: High Growth,Valuation,C379,2,D379,FCF yield                                            0.7%  -> F (1.5)   band: < 1.0% | PEG                                                  4.46  -> F (1.5)   band: > 2.50,medium,auto,4.9,49.0
FSLY,30,C: High Growth,Growth,C380,4,D380,Fwd revenue growth (high-growth bands)              12.0%  -> D (3.5)   band: >= 8.0% | Rule of 40 (growth% + FCF margin%)                  16.99  -> D (3.5)   band: >= 10 | Gross margin                                        57.1%  -> C (5.5)   band: >= 50.0%,high,auto,4.9,49.0
FSLY,30,C: High Growth,Profitability,C381,2,D381,ROIC 3-yr average                                  -11.0%  -> F (1.5)   band: < 4.0% | ROIC persistence (share of yrs >12%)                 0.0%  -> F (1.5)   band: < 20.0% | Gross margin vs peer set                            12.5%  -> F (1.5)   band: < 25.0% | Return on equity                                    -8.4%  -> F (1.5)   band: < 5.0%,high,auto,4.9,49.0
FSLY,30,C: High Growth,Financials,C382,10,D382,Cash runway (yrs) -- dominant when FCF-negative   FCF-positive  -> A (9.5)   band: >= FCF-positive | Net debt / EBITDA                                  -6.48x  -> A (9.5)   band: <= 0.50x | Diluted share count 3-yr CAGR                        6.5%  -> F (1.5)   band: > 6.0%,high,auto,4.9,49.0
FSLY,30,C: High Growth,Business Quality,C383,3,D383,"ROIC persistence (share of yrs >12%)                 0.0%  -> F (1.5)   band: < 20.0% | Gross margin stability (band, bps)                +860bps  -> D (3.5)   band: <= +1500bps",medium,tier3,4.9,49.0
FSLY,30,C: High Growth,Management,C384,2,D384,"SBC as % of revenue                                 19.7%  -> F (1.5)   band: > 15.0% | EPS beats, last 8Q                                      4  -> C (5.5)   band: >= 4 | Insider net open-market activity                       -2  -> F (1.5)   band: < -1.50",high,auto,4.9,49.0
FSLY,30,C: High Growth,Income,C385,10,D385,Revenue change in weakest year shown                 7.4%  -> A (9.5)   band: >= 0.0%,low,tier3,4.9,49.0
FSLY,30,C: High Growth,Market Sentiment,C386,2,D386,Short interest % of float                           16.5%  -> F (1.5)   band: > 15.0% | Institutional ownership trend                           1  -> A (9.5)   band: >= 0.50 | Insider net open-market activity (6mo)                 -2  -> F (1.5)   band: < -1.50,high,auto,4.9,49.0
FSLY,30,C: High Growth,EPS/Revison Trends,C387,10,D387,"FY2 consensus EPS change vs 3mo ago                 48.0%  -> A (9.5)   band: >= 5.0% | Revision breadth (share up)                        100.0%  -> A (9.5)   band: >= 70.0% | EPS beats, last 8Q                                      4  -> C (5.5)   band: >= 4",medium,auto,4.9,49.0
FSLY,30,C: High Growth,Industry/Sector Tailwinds,C388,10,D388,Peer-median fwd revenue growth                      14.8%  -> A (9.5)   band: >= 10.0%,low,auto,4.9,49.0
GTX,31,B: Durable Compounder,Valuation,C392,6,D392,FCF yield                                            6.8%  -> A (9.5)   band: >= 6.0% | Fwd P/E vs own 5-yr median                         -47.8%  -> F (1.5)   band: < -30.0% | Fwd TEV/EBITDA vs peer median                      -26.2%  -> D (3.5)   band: >= -30.0% | PEG                                                  1.26  -> B (7.5)   band: <= 1.30,high,auto,7.1,71.0
GTX,31,B: Durable Compounder,Growth,C393,6,D393,Fwd revenue growth                                   4.6%  -> C (5.5)   band: >= 3.0% | Fwd EPS growth                                       9.9%  -> C (5.5)   band: >= 5.0% | 3-yr gross margin trend (bps)                     +144bps  -> A (9.5)   band: >= +100bps,high,auto,7.1,71.0
GTX,31,B: Durable Compounder,Profitability,C394,7,D394,ROIC 3-yr average                                   64.4%  -> A (9.5)   band: >= 20.0% | ROIC persistence (share of yrs >12%)               100.0%  -> A (9.5)   band: >= 80.0% | Gross margin vs peer set                            37.5%  -> D (3.5)   band: >= 25.0% | Return on equity                                   -44.5%  -> F (1.5)   band: < 5.0%,high,auto,7.1,71.0
GTX,31,B: Durable Compounder,Financials,C395,6,D395,Net debt / EBITDA                                   1.97x  -> C (5.5)   band: <= 2.50x | EBIT / interest expense                             5.16x  -> C (5.5)   band: >= 4.00x | FCF / net income (3-yr)                            121.9%  -> A (9.5)   band: >= 100.0% | Diluted share count 3-yr CAGR                       46.3%  -> F (1.5)   band: > 6.0%,high,auto,7.1,71.0
GTX,31,B: Durable Compounder,Business Quality,C396,10,D396,"ROIC persistence (share of yrs >12%)               100.0%  -> A (9.5)   band: >= 80.0% | Gross margin stability (band, bps)                +144bps  -> A (9.5)   band: <= +200bps",medium,tier3,7.1,71.0
GTX,31,B: Durable Compounder,Management,C397,6,D397,"SBC as % of revenue                                  0.7%  -> A (9.5)   band: <= 5.0% | EPS beats, last 8Q                                      4  -> C (5.5)   band: >= 4 | Insider net open-market activity                       -2  -> F (1.5)   band: < -1.50",high,auto,7.1,71.0
GTX,31,B: Durable Compounder,Income,C398,6,D398,Revenue change in weakest year shown               -10.6%  -> C (5.5)   band: >= -20.0%,low,tier3,7.1,71.0
GTX,31,B: Durable Compounder,Market Sentiment,C399,8,D399,Short interest % of float                            2.2%  -> B (7.5)   band: <= 5.0% | Institutional ownership trend                           1  -> A (9.5)   band: >= 0.50 | Insider net open-market activity (6mo)                 -2  -> F (1.5)   band: < -1.50,high,auto,7.1,71.0
GTX,31,B: Durable Compounder,EPS/Revison Trends,C400,8,D400,"FY2 consensus EPS change vs 3mo ago                  3.6%  -> B (7.5)   band: >= 2.0% | Revision breadth (share up)                         66.7%  -> B (7.5)   band: >= 55.0% | EPS beats, last 8Q                                      4  -> C (5.5)   band: >= 4",high,auto,7.1,71.0
GTX,31,B: Durable Compounder,Industry/Sector Tailwinds,C401,6,D401,Peer-median fwd revenue growth                       4.3%  -> C (5.5)   band: >= 0.0%,low,auto,7.1,71.0
HIMX,32,D: Cyclical / Commodity,Valuation,C405,7,D405,FCF yield                                            1.0%  -> D (3.5)   band: >= 1.0% | Fwd P/E vs own 5-yr median                          50.8%  -> A (9.5)   band: >= 25.0% | Fwd TEV/EBITDA vs peer median                       24.7%  -> B (7.5)   band: >= 10.0% | PEG                                                  1.49  -> C (5.5)   band: <= 1.80,high,auto,5.95,59.5
HIMX,32,D: Cyclical / Commodity,Growth,C406,10,D406,Fwd revenue growth                                  30.0%  -> A (9.5)   band: >= 15.0% | Fwd EPS growth                                     176.6%  -> A (9.5)   band: >= 20.0% | 3-yr gross margin trend (bps)                     -998bps  -> F (1.5)   band: < -200bps,high,auto,5.95,59.5
HIMX,32,D: Cyclical / Commodity,Profitability,C407,3,D407,ROIC 3-yr average                                    5.0%  -> D (3.5)   band: >= 4.0% | ROIC persistence (share of yrs >12%)                25.0%  -> D (3.5)   band: >= 20.0% | Gross margin vs peer set                             0.0%  -> F (1.5)   band: < 25.0% | Return on equity                                     4.1%  -> F (1.5)   band: < 5.0%,high,auto,5.95,59.5
HIMX,32,D: Cyclical / Commodity,Financials,C408,2,D408,Net debt / EBITDA                                   5.60x  -> F (1.5)   band: > 4.00x | EBIT / interest expense                            14.27x  -> A (9.5)   band: >= 12.00x | FCF / net income (3-yr)                            201.7%  -> A (9.5)   band: >= 100.0% | Diluted share count 3-yr CAGR                       -0.0%  -> A (9.5)   band: <= 0.0%,high,auto,5.95,59.5
HIMX,32,D: Cyclical / Commodity,Business Quality,C409,4,D409,"ROIC persistence (share of yrs >12%)                25.0%  -> D (3.5)   band: >= 20.0% | Gross margin stability (band, bps)               +1268bps  -> D (3.5)   band: <= +1500bps",medium,tier3,5.95,59.5
HIMX,32,D: Cyclical / Commodity,Management,C410,7,D410,"SBC as % of revenue                                  0.1%  -> A (9.5)   band: <= 5.0% | EPS beats, last 8Q                                      3  -> D (3.5)   band: >= 2",medium,auto,5.95,59.5
HIMX,32,D: Cyclical / Commodity,Income,C411,4,D411,Revenue change in weakest year shown               -21.3%  -> D (3.5)   band: >= -35.0%,low,tier3,5.95,59.5
HIMX,32,D: Cyclical / Commodity,Market Sentiment,C412,8,D412,Short interest % of float                            6.0%  -> C (5.5)   band: <= 8.0% | Institutional ownership trend                           1  -> A (9.5)   band: >= 0.50,medium,auto,5.95,59.5
HIMX,32,D: Cyclical / Commodity,EPS/Revison Trends,C413,7,D413,"FY2 consensus EPS change vs 3mo ago                 30.0%  -> A (9.5)   band: >= 5.0% | EPS beats, last 8Q                                      3  -> D (3.5)   band: >= 2",medium,auto,5.95,59.5
HIMX,32,D: Cyclical / Commodity,Industry/Sector Tailwinds,C414,10,D414,Peer-median fwd revenue growth                      25.8%  -> A (9.5)   band: >= 10.0%,low,auto,5.95,59.5
HUT,33,C: High Growth,Valuation,C418,2,D418,FCF yield                                          -12.1%  -> F (1.5)   band: < 1.0%,low,auto,3.9,39.0
HUT,33,C: High Growth,Growth,C419,6,D419,Fwd revenue growth (high-growth bands)             102.1%  -> A (9.5)   band: >= 40.0% | Rule of 40 (growth% + FCF margin%)                -309.77  -> F (1.5)   band: < 10 | Gross margin                                        54.2%  -> C (5.5)   band: >= 50.0%,high,auto,3.9,39.0
HUT,33,C: High Growth,Profitability,C420,3,D420,ROIC 3-yr average                                   -1.9%  -> F (1.5)   band: < 4.0% | ROIC persistence (share of yrs >12%)                25.0%  -> D (3.5)   band: >= 20.0% | Gross margin vs peer set                            62.5%  -> B (7.5)   band: >= 55.0% | Return on equity                                   -43.4%  -> F (1.5)   band: < 5.0%  [notched F->F: debt_to_equity is not None and debt_to_equity > 2.0],high,auto,3.9,39.0
HUT,33,C: High Growth,Financials,C421,2,D421,Cash runway (yrs) -- dominant when FCF-negative          0.03y  -> F (1.5)   band: < 1.50y | Net debt / EBITDA                                  -0.49x  -> A (9.5)   band: <= 0.50x | Diluted share count 3-yr CAGR                        6.0%  -> D (3.5)   band: <= 6.0%,high,auto,3.9,39.0
HUT,33,C: High Growth,Business Quality,C422,3,D422,"ROIC persistence (share of yrs >12%)                25.0%  -> D (3.5)   band: >= 20.0% | Gross margin stability (band, bps)               +2080bps  -> F (1.5)   band: > +1500bps",medium,tier3,3.9,39.0
HUT,33,C: High Growth,Management,C423,2,D423,"SBC as % of revenue                                 46.7%  -> F (1.5)   band: > 15.0% | EPS beats, last 8Q                                      3  -> D (3.5)   band: >= 2 | Insider net open-market activity                       -2  -> F (1.5)   band: < -1.50",high,auto,3.9,39.0
HUT,33,C: High Growth,Income,C424,10,D424,Revenue change in weakest year shown                 9.5%  -> A (9.5)   band: >= 0.0%,low,tier3,3.9,39.0
HUT,33,C: High Growth,Market Sentiment,C425,4,D425,Short interest % of float                           11.0%  -> D (3.5)   band: <= 15.0% | Institutional ownership trend                           1  -> A (9.5)   band: >= 0.50 | Insider net open-market activity (6mo)                 -2  -> F (1.5)   band: < -1.50,high,auto,3.9,39.0
HUT,33,C: High Growth,EPS/Revison Trends,C426,2,D426,"FY2 consensus EPS change vs 3mo ago               -125.5%  -> F (1.5)   band: < -5.0% | Revision breadth (share up)                          0.0%  -> F (1.5)   band: < 30.0% | EPS beats, last 8Q                                      3  -> D (3.5)   band: >= 2",medium,auto,3.9,39.0
HUT,33,C: High Growth,Industry/Sector Tailwinds,C427,10,D427,Peer-median fwd revenue growth                      12.5%  -> A (9.5)   band: >= 10.0%,low,auto,3.9,39.0
IBRX,34,E: Early Biotech,Valuation,C431,2,D431,FCF yield                                           -3.4%  -> F (1.5)   band: < 1.0%,low,auto,4.5,45.0
IBRX,34,E: Early Biotech,Growth,C432,7,D432,Fwd revenue growth                                  95.6%  -> A (9.5)   band: >= 15.0% | 3-yr gross margin trend (bps)                      -66bps  -> D (3.5)   band: >= -200bps,medium,auto,4.5,45.0
IBRX,34,E: Early Biotech,Profitability,C433,10,D433,ROIC persistence (share of yrs >12%)                 0.0%  -> F (1.5)   band: < 20.0% | Gross margin vs peer set                            85.7%  -> A (9.5)   band: >= 75.0% | Return on equity                                   198.3%  -> A (9.5)   band: >= 20.0%,high,auto,4.5,45.0
IBRX,34,E: Early Biotech,Financials,C434,2,D434,Cash runway (yrs) -- dominant when FCF-negative          0.31y  -> F (1.5)   band: < 1.50y | Net debt / EBITDA                                  -1.83x  -> A (9.5)   band: <= 0.50x | Diluted share count 3-yr CAGR                       32.0%  -> F (1.5)   band: > 6.0%,high,auto,4.5,45.0
IBRX,34,E: Early Biotech,Business Quality,C435,6,D435,"ROIC persistence (share of yrs >12%)                 0.0%  -> F (1.5)   band: < 20.0% | Gross margin stability (band, bps)                 +66bps  -> A (9.5)   band: <= +200bps",medium,tier3,4.5,45.0
IBRX,34,E: Early Biotech,Management,C436,2,D436,"SBC as % of revenue                                 20.7%  -> F (1.5)   band: > 15.0% | EPS beats, last 8Q                                      2  -> D (3.5)   band: >= 2 | Insider net open-market activity                       -2  -> F (1.5)   band: < -1.50",high,auto,4.5,45.0
IBRX,34,E: Early Biotech,Income,C437,10,D437,Revenue change in weakest year shown               159.2%  -> A (9.5)   band: >= 0.0%,low,tier3,4.5,45.0
IBRX,34,E: Early Biotech,Market Sentiment,C438,2,D438,Short interest % of float                           32.2%  -> F (1.5)   band: > 15.0% | Institutional ownership trend                           1  -> A (9.5)   band: >= 0.50 | Insider net open-market activity (6mo)                 -2  -> F (1.5)   band: < -1.50,high,auto,4.5,45.0
IBRX,34,E: Early Biotech,EPS/Revison Trends,C439,4,D439,"FY2 consensus EPS change vs 3mo ago               -533.4%  -> F (1.5)   band: < -5.0% | Revision breadth (share up)                        100.0%  -> A (9.5)   band: >= 70.0% | EPS beats, last 8Q                                      2  -> D (3.5)   band: >= 2",medium,auto,4.5,45.0
IBRX,34,E: Early Biotech,Industry/Sector Tailwinds,C440,10,D440,Peer-median fwd revenue growth                      14.0%  -> A (9.5)   band: >= 10.0%,low,auto,4.5,45.0
ICHR,35,C: High Growth,Valuation,C444,2,D444,FCF yield                                           -1.0%  -> F (1.5)   band: < 1.0% | Fwd TEV/EBITDA vs peer median                     -137.3%  -> F (1.5)   band: < -30.0% | PEG                                                  0.64  -> A (9.5)   band: <= 1.00,high,auto,4.9,49.0
ICHR,35,C: High Growth,Growth,C445,6,D445,Fwd revenue growth (high-growth bands)              33.0%  -> B (7.5)   band: >= 25.0% | Rule of 40 (growth% + FCF margin%)                  30.47  -> C (5.5)   band: >= 25 | Gross margin                                         9.3%  -> F (1.5)   band: < 35.0%,high,auto,4.9,49.0
ICHR,35,C: High Growth,Profitability,C446,2,D446,ROIC 3-yr average                                   -2.8%  -> F (1.5)   band: < 4.0% | ROIC persistence (share of yrs >12%)                 0.0%  -> F (1.5)   band: < 20.0% | Gross margin vs peer set                             0.0%  -> F (1.5)   band: < 25.0% | Return on equity                                    -5.2%  -> F (1.5)   band: < 5.0%,high,auto,4.9,49.0
ICHR,35,C: High Growth,Financials,C447,6,D447,Cash runway (yrs) -- dominant when FCF-negative          3.84y  -> C (5.5)   band: >= 2.50y | Net debt / EBITDA                                   1.68x  -> C (5.5)   band: <= 2.50x | Diluted share count 3-yr CAGR                        5.7%  -> D (3.5)   band: <= 6.0%,high,auto,4.9,49.0
ICHR,35,C: High Growth,Business Quality,C448,4,D448,"ROIC persistence (share of yrs >12%)                 0.0%  -> F (1.5)   band: < 20.0% | Gross margin stability (band, bps)                +729bps  -> C (5.5)   band: <= +800bps",medium,tier3,4.9,49.0
ICHR,35,C: High Growth,Management,C449,4,D449,"SBC as % of revenue                                  1.7%  -> A (9.5)   band: <= 5.0% | EPS beats, last 8Q                                      3  -> D (3.5)   band: >= 2 | Insider net open-market activity                       -2  -> F (1.5)   band: < -1.50",high,auto,4.9,49.0
ICHR,35,C: High Growth,Income,C450,2,D450,Revenue change in weakest year shown               -36.6%  -> F (1.5)   band: < -35.0%,low,tier3,4.9,49.0
ICHR,35,C: High Growth,Market Sentiment,C451,6,D451,Short interest % of float                            5.3%  -> C (5.5)   band: <= 8.0% | Institutional ownership trend                           1  -> A (9.5)   band: >= 0.50 | Insider net open-market activity (6mo)                 -2  -> F (1.5)   band: < -1.50,high,auto,4.9,49.0
ICHR,35,C: High Growth,EPS/Revison Trends,C452,10,D452,"FY2 consensus EPS change vs 3mo ago                 21.1%  -> A (9.5)   band: >= 5.0% | Revision breadth (share up)                        100.0%  -> A (9.5)   band: >= 70.0% | EPS beats, last 8Q                                      3  -> D (3.5)   band: >= 2",high,auto,4.9,49.0
ICHR,35,C: High Growth,Industry/Sector Tailwinds,C453,10,D453,Peer-median fwd revenue growth                      13.4%  -> A (9.5)   band: >= 10.0%,low,auto,4.9,49.0
INCY,36,B: Durable Compounder,Valuation,C457,10,D457,FCF yield                                            7.6%  -> A (9.5)   band: >= 6.0% | Fwd P/E vs own 5-yr median                         175.2%  -> A (9.5)   band: >= 25.0% | Fwd TEV/EBITDA vs peer median                       49.7%  -> A (9.5)   band: >= 25.0% | PEG                                                 28.62  -> F (1.5)   band: > 2.50,high,auto,7.75,77.5
INCY,36,B: Durable Compounder,Growth,C458,6,D458,Fwd revenue growth                                   5.2%  -> C (5.5)   band: >= 3.0% | Fwd EPS growth                                     149.8%  -> A (9.5)   band: >= 20.0% | 3-yr gross margin trend (bps)                     -114bps  -> D (3.5)   band: >= -200bps,high,auto,7.75,77.5
INCY,36,B: Durable Compounder,Profitability,C459,10,D459,ROIC 3-yr average                                   33.2%  -> A (9.5)   band: >= 20.0% | ROIC persistence (share of yrs >12%)                75.0%  -> B (7.5)   band: >= 60.0% | Gross margin vs peer set                            87.5%  -> A (9.5)   band: >= 75.0% | Return on equity                                    30.7%  -> A (9.5)   band: >= 20.0%,high,auto,7.75,77.5
INCY,36,B: Durable Compounder,Financials,C460,6,D460,Net debt / EBITDA                                  -1.57x  -> A (9.5)   band: <= 0.50x | EBIT / interest expense                           847.18x  -> A (9.5)   band: >= 12.00x | FCF / net income (3-yr)                            105.1%  -> A (9.5)   band: >= 100.0% | Diluted share count 3-yr CAGR                       -3.6%  -> A (9.5)   band: <= 0.0%,high,auto,7.75,77.5
INCY,36,B: Durable Compounder,Business Quality,C461,9,D461,"ROIC persistence (share of yrs >12%)                75.0%  -> B (7.5)   band: >= 60.0% | Gross margin stability (band, bps)                +126bps  -> A (9.5)   band: <= +200bps",medium,tier3,7.75,77.5
INCY,36,B: Durable Compounder,Management,C462,4,D462,"SBC as % of revenue                                  4.4%  -> A (9.5)   band: <= 5.0% | EPS beats, last 8Q                                      3  -> D (3.5)   band: >= 2 | Insider net open-market activity                       -2  -> F (1.5)   band: < -1.50",high,auto,7.75,77.5
INCY,36,B: Durable Compounder,Income,C463,10,D463,Revenue change in weakest year shown                 8.9%  -> A (9.5)   band: >= 0.0%,low,tier3,7.75,77.5
INCY,36,B: Durable Compounder,Market Sentiment,C464,4,D464,Short interest % of float                            8.6%  -> D (3.5)   band: <= 15.0% | Institutional ownership trend                           0  -> C (5.5)   band: >= -0.50 | Insider net open-market activity (6mo)                 -2  -> F (1.5)   band: < -1.50,high,auto,7.75,77.5
INCY,36,B: Durable Compounder,EPS/Revison Trends,C465,4,D465,"FY2 consensus EPS change vs 3mo ago                 -1.4%  -> C (5.5)   band: >= -2.0% | Revision breadth (share up)                         18.2%  -> F (1.5)   band: < 30.0% | EPS beats, last 8Q                                      3  -> D (3.5)   band: >= 2",high,auto,7.75,77.5
INCY,36,B: Durable Compounder,Industry/Sector Tailwinds,C466,10,D466,Peer-median fwd revenue growth                      10.6%  -> A (9.5)   band: >= 10.0%,low,auto,7.75,77.5
IONQ,37,C: High Growth,Valuation,C470,2,D470,FCF yield                                           -2.5%  -> F (1.5)   band: < 1.0%,low,auto,3.45,34.5
IONQ,37,C: High Growth,Growth,C471,4,D471,Fwd revenue growth (high-growth bands)              41.9%  -> A (9.5)   band: >= 40.0% | Rule of 40 (growth% + FCF margin%)                -154.39  -> F (1.5)   band: < 10 | Gross margin                                        40.4%  -> D (3.5)   band: >= 35.0%,high,auto,3.45,34.5
IONQ,37,C: High Growth,Profitability,C472,2,D472,ROIC 3-yr average                                  -40.8%  -> F (1.5)   band: < 4.0% | ROIC persistence (share of yrs >12%)                 0.0%  -> F (1.5)   band: < 20.0% | Gross margin vs peer set                            62.5%  -> B (7.5)   band: >= 55.0% | Return on equity                                   -60.5%  -> F (1.5)   band: < 5.0%,high,auto,3.45,34.5
IONQ,37,C: High Growth,Financials,C473,4,D473,Cash runway (yrs) -- dominant when FCF-negative          2.13y  -> D (3.5)   band: >= 1.50y | Net debt / EBITDA                                   1.26x  -> B (7.5)   band: <= 1.50x | Diluted share count 3-yr CAGR                       12.3%  -> F (1.5)   band: > 6.0%,high,auto,3.45,34.5
IONQ,37,C: High Growth,Business Quality,C474,2,D474,"ROIC persistence (share of yrs >12%)                 0.0%  -> F (1.5)   band: < 20.0% | Gross margin stability (band, bps)               +3315bps  -> F (1.5)   band: > +1500bps",medium,tier3,3.45,34.5
IONQ,37,C: High Growth,Management,C475,2,D475,"SBC as % of revenue                                182.6%  -> F (1.5)   band: > 15.0% | EPS beats, last 8Q                                      2  -> D (3.5)   band: >= 2 | Insider net open-market activity                    -1.63  -> F (1.5)   band: < -1.50",high,auto,3.45,34.5
IONQ,37,C: High Growth,Income,C476,10,D476,Revenue change in weakest year shown                95.4%  -> A (9.5)   band: >= 0.0%,low,tier3,3.45,34.5
IONQ,37,C: High Growth,Market Sentiment,C477,4,D477,Short interest % of float                           12.4%  -> D (3.5)   band: <= 15.0% | Institutional ownership trend                           0  -> C (5.5)   band: >= -0.50 | Insider net open-market activity (6mo)              -1.63  -> F (1.5)   band: < -1.50,high,auto,3.45,34.5
IONQ,37,C: High Growth,EPS/Revison Trends,C478,2,D478,"FY2 consensus EPS change vs 3mo ago                -25.3%  -> F (1.5)   band: < -5.0% | Revision breadth (share up)                          0.0%  -> F (1.5)   band: < 30.0% | EPS beats, last 8Q                                      2  -> D (3.5)   band: >= 2",medium,auto,3.45,34.5
IONQ,37,C: High Growth,Industry/Sector Tailwinds,C479,10,D479,Peer-median fwd revenue growth                      25.5%  -> A (9.5)   band: >= 10.0%,low,auto,3.45,34.5
IREN,38,C: High Growth,Valuation,C483,2,D483,FCF yield                                          -15.2%  -> F (1.5)   band: < 1.0%,low,auto,4.65,46.5
IREN,38,C: High Growth,Growth,C484,8,D484,Fwd revenue growth (high-growth bands)             314.7%  -> A (9.5)   band: >= 40.0% | Rule of 40 (growth% + FCF margin%)                  -7.33  -> F (1.5)   band: < 10 | Gross margin                                        68.3%  -> B (7.5)   band: >= 65.0%,high,auto,4.65,46.5
IREN,38,C: High Growth,Profitability,C485,3,D485,ROIC 3-yr average                                  -21.2%  -> F (1.5)   band: < 4.0% | ROIC persistence (share of yrs >12%)                 0.0%  -> F (1.5)   band: < 20.0% | Gross margin vs peer set                            75.0%  -> A (9.5)   band: >= 75.0% | Return on equity                                     7.7%  -> D (3.5)   band: >= 5.0%,high,auto,4.65,46.5
IREN,38,C: High Growth,Financials,C486,2,D486,Cash runway (yrs) -- dominant when FCF-negative          0.23y  -> F (1.5)   band: < 1.50y | Net debt / EBITDA                                   2.72x  -> D (3.5)   band: <= 4.00x | Diluted share count 3-yr CAGR                       84.7%  -> F (1.5)   band: > 6.0%,high,auto,4.65,46.5
IREN,38,C: High Growth,Business Quality,C487,2,D487,"ROIC persistence (share of yrs >12%)                 0.0%  -> F (1.5)   band: < 20.0% | Gross margin stability (band, bps)               +5941bps  -> F (1.5)   band: > +1500bps",medium,tier3,4.65,46.5
IREN,38,C: High Growth,Management,C488,4,D488,"SBC as % of revenue                                 23.9%  -> F (1.5)   band: > 15.0% | EPS beats, last 8Q                                      2  -> D (3.5)   band: >= 2 | Insider net open-market activity                        0  -> C (5.5)   band: >= -0.50",high,auto,4.65,46.5
IREN,38,C: High Growth,Income,C489,10,D489,Revenue change in weakest year shown                27.9%  -> A (9.5)   band: >= 0.0%,low,tier3,4.65,46.5
IREN,38,C: High Growth,Market Sentiment,C490,6,D490,Short interest % of float                           28.4%  -> F (1.5)   band: > 15.0% | Institutional ownership trend                           1  -> A (9.5)   band: >= 0.50 | Insider net open-market activity (6mo)                  0  -> C (5.5)   band: >= -0.50,high,auto,4.65,46.5
IREN,38,C: High Growth,EPS/Revison Trends,C491,6,D491,"FY2 consensus EPS change vs 3mo ago                 49.2%  -> A (9.5)   band: >= 5.0% | Revision breadth (share up)                         50.0%  -> C (5.5)   band: >= 45.0% | EPS beats, last 8Q                                      2  -> D (3.5)   band: >= 2",medium,auto,4.65,46.5
IREN,38,C: High Growth,Industry/Sector Tailwinds,C492,10,D492,Peer-median fwd revenue growth                      12.7%  -> A (9.5)   band: >= 10.0%,low,auto,4.65,46.5
KEYS,39,B: Durable Compounder,Valuation,C496,5,D496,FCF yield                                            2.2%  -> D (3.5)   band: >= 1.0% | Fwd P/E vs own 5-yr median                           8.0%  -> C (5.5)   band: >= -10.0% | Fwd TEV/EBITDA vs peer median                      -14.4%  -> D (3.5)   band: >= -30.0% | PEG                                                  1.28  -> B (7.5)   band: <= 1.30,high,auto,7.2,72.0
KEYS,39,B: Durable Compounder,Growth,C497,8,D497,Fwd revenue growth                                  11.4%  -> B (7.5)   band: >= 8.0% | Fwd EPS growth                                      16.4%  -> B (7.5)   band: >= 10.0% | 3-yr gross margin trend (bps)                     -157bps  -> D (3.5)   band: >= -200bps,high,auto,7.2,72.0
KEYS,39,B: Durable Compounder,Profitability,C498,9,D498,ROIC 3-yr average                                   17.7%  -> B (7.5)   band: >= 13.0% | ROIC persistence (share of yrs >12%)               100.0%  -> A (9.5)   band: >= 80.0% | Gross margin vs peer set                           100.0%  -> A (9.5)   band: >= 75.0% | Return on equity                                    18.2%  -> B (7.5)   band: >= 15.0%,high,auto,7.2,72.0
KEYS,39,B: Durable Compounder,Financials,C499,9,D499,Net debt / EBITDA                                   0.63x  -> B (7.5)   band: <= 1.50x | EBIT / interest expense                            11.72x  -> B (7.5)   band: >= 8.00x | FCF / net income (3-yr)                            134.5%  -> A (9.5)   band: >= 100.0% | Diluted share count 3-yr CAGR                       -1.7%  -> A (9.5)   band: <= 0.0%,high,auto,7.2,72.0
KEYS,39,B: Durable Compounder,Business Quality,C500,6,D500,"ROIC persistence (share of yrs >12%)               100.0%  -> A (9.5)   band: >= 80.0% | Gross margin stability (band, bps)                +256bps  -> B (7.5)   band: <= +400bps",medium,tier3,7.2,72.0
KEYS,39,B: Durable Compounder,Management,C501,6,D501,"SBC as % of revenue                                  3.3%  -> A (9.5)   band: <= 5.0% | EPS beats, last 8Q                                      4  -> C (5.5)   band: >= 4 | Insider net open-market activity                       -2  -> F (1.5)   band: < -1.50",high,auto,7.2,72.0
KEYS,39,B: Durable Compounder,Income,C502,6,D502,Revenue change in weakest year shown                -8.9%  -> C (5.5)   band: >= -20.0%,low,tier3,7.2,72.0
KEYS,39,B: Durable Compounder,Market Sentiment,C503,6,D503,Short interest % of float                            2.1%  -> B (7.5)   band: <= 5.0% | Institutional ownership trend                           0  -> C (5.5)   band: >= -0.50 | Insider net open-market activity (6mo)                 -2  -> F (1.5)   band: < -1.50,high,auto,7.2,72.0
KEYS,39,B: Durable Compounder,EPS/Revison Trends,C504,10,D504,"FY2 consensus EPS change vs 3mo ago                 14.0%  -> A (9.5)   band: >= 5.0% | Revision breadth (share up)                        100.0%  -> A (9.5)   band: >= 70.0% | EPS beats, last 8Q                                      4  -> C (5.5)   band: >= 4",high,auto,7.2,72.0
KEYS,39,B: Durable Compounder,Industry/Sector Tailwinds,C505,10,D505,Peer-median fwd revenue growth                      25.2%  -> A (9.5)   band: >= 10.0%,low,auto,7.2,72.0
LASR,40,C: High Growth,Valuation,C509,5,D509,FCF yield                                            1.3%  -> D (3.5)   band: >= 1.0% | PEG                                                  1.78  -> C (5.5)   band: <= 1.80,medium,auto,4.0,40.0
LASR,40,C: High Growth,Growth,C510,4,D510,Fwd revenue growth (high-growth bands)              13.5%  -> D (3.5)   band: >= 8.0% | Rule of 40 (growth% + FCF margin%)                  26.93  -> C (5.5)   band: >= 25 | Gross margin                                        29.8%  -> F (1.5)   band: < 35.0%,high,auto,4.0,40.0
LASR,40,C: High Growth,Profitability,C511,2,D511,ROIC 3-yr average                                  -23.3%  -> F (1.5)   band: < 4.0% | ROIC persistence (share of yrs >12%)                 0.0%  -> F (1.5)   band: < 20.0% | Gross margin vs peer set                             0.0%  -> F (1.5)   band: < 25.0% | Return on equity                                    -3.8%  -> F (1.5)   band: < 5.0%  [notched F->F: debt_to_equity is not None and debt_to_equity > 2.0],high,auto,4.0,40.0
LASR,40,C: High Growth,Financials,C512,4,D512,Cash runway (yrs) -- dominant when FCF-negative   FCF-positive  -> A (9.5)   band: >= FCF-positive | Net debt / EBITDA                                 132.68x  -> F (1.5)   band: > 4.00x | Diluted share count 3-yr CAGR                        4.0%  -> D (3.5)   band: <= 6.0%,high,auto,4.0,40.0
LASR,40,C: High Growth,Business Quality,C513,3,D513,"ROIC persistence (share of yrs >12%)                 0.0%  -> F (1.5)   band: < 20.0% | Gross margin stability (band, bps)               +1320bps  -> D (3.5)   band: <= +1500bps",medium,tier3,4.0,40.0
LASR,40,C: High Growth,Management,C514,4,D514,"SBC as % of revenue                                 13.8%  -> D (3.5)   band: <= 15.0% | EPS beats, last 8Q                                      4  -> C (5.5)   band: >= 4 | Insider net open-market activity                       -2  -> F (1.5)   band: < -1.50",high,auto,4.0,40.0
LASR,40,C: High Growth,Income,C515,6,D515,Revenue change in weakest year shown               -13.3%  -> C (5.5)   band: >= -20.0%,low,tier3,4.0,40.0
LASR,40,C: High Growth,Market Sentiment,C516,6,D516,Short interest % of float                            5.1%  -> C (5.5)   band: <= 8.0% | Institutional ownership trend                           1  -> A (9.5)   band: >= 0.50 | Insider net open-market activity (6mo)                 -2  -> F (1.5)   band: < -1.50,high,auto,4.0,40.0
LASR,40,C: High Growth,EPS/Revison Trends,C517,2,D517,"FY2 consensus EPS change vs 3mo ago                 -6.7%  -> F (1.5)   band: < -5.0% | Revision breadth (share up)                          0.0%  -> F (1.5)   band: < 30.0% | EPS beats, last 8Q                                      4  -> C (5.5)   band: >= 4",medium,auto,4.0,40.0
LASR,40,C: High Growth,Industry/Sector Tailwinds,C518,10,D518,Peer-median fwd revenue growth                      18.5%  -> A (9.5)   band: >= 10.0%,low,auto,4.0,40.0
LHX,41,B: Durable Compounder,Valuation,C522,9,D522,FCF yield                                            5.4%  -> B (7.5)   band: >= 4.0% | Fwd P/E vs own 5-yr median                          58.1%  -> A (9.5)   band: >= 25.0% | Fwd TEV/EBITDA vs peer median                       40.8%  -> A (9.5)   band: >= 25.0% | PEG                                                  1.67  -> C (5.5)   band: <= 1.80,high,auto,6.25,62.5
LHX,41,B: Durable Compounder,Growth,C523,6,D523,Fwd revenue growth                                   6.7%  -> C (5.5)   band: >= 3.0% | Fwd EPS growth                                      12.2%  -> B (7.5)   band: >= 10.0% | 3-yr gross margin trend (bps)                     -315bps  -> F (1.5)   band: < -200bps,high,auto,6.25,62.5
LHX,41,B: Durable Compounder,Profitability,C524,4,D524,ROIC 3-yr average                                    6.5%  -> D (3.5)   band: >= 4.0% | ROIC persistence (share of yrs >12%)                 0.0%  -> F (1.5)   band: < 20.0% | Gross margin vs peer set                            50.0%  -> C (5.5)   band: >= 45.0% | Return on equity                                     9.5%  -> D (3.5)   band: >= 5.0%,high,auto,6.25,62.5
LHX,41,B: Durable Compounder,Financials,C525,6,D525,Net debt / EBITDA                                   4.68x  -> F (1.5)   band: > 4.00x | EBIT / interest expense                             5.01x  -> C (5.5)   band: >= 4.00x | FCF / net income (3-yr)                            149.5%  -> A (9.5)   band: >= 100.0% | Diluted share count 3-yr CAGR                       -0.9%  -> A (9.5)   band: <= 0.0%,high,auto,6.25,62.5
LHX,41,B: Durable Compounder,Business Quality,C526,5,D526,"ROIC persistence (share of yrs >12%)                 0.0%  -> F (1.5)   band: < 20.0% | Gross margin stability (band, bps)                +315bps  -> B (7.5)   band: <= +400bps",medium,tier3,6.25,62.5
LHX,41,B: Durable Compounder,Management,C527,6,D527,"SBC as % of revenue                                  1.5%  -> A (9.5)   band: <= 5.0% | EPS beats, last 8Q                                      4  -> C (5.5)   band: >= 4 | Insider net open-market activity                       -2  -> F (1.5)   band: < -1.50",high,auto,6.25,62.5
LHX,41,B: Durable Compounder,Income,C528,10,D528,Revenue change in weakest year shown                 2.5%  -> A (9.5)   band: >= 0.0%,low,tier3,6.25,62.5
LHX,41,B: Durable Compounder,Market Sentiment,C529,6,D529,Short interest % of float                            2.4%  -> B (7.5)   band: <= 5.0% | Institutional ownership trend                           0  -> C (5.5)   band: >= -0.50 | Insider net open-market activity (6mo)                 -2  -> F (1.5)   band: < -1.50,high,auto,6.25,62.5
LHX,41,B: Durable Compounder,EPS/Revison Trends,C530,6,D530,"FY2 consensus EPS change vs 3mo ago                 -1.4%  -> C (5.5)   band: >= -2.0% | Revision breadth (share up)                         25.0%  -> F (1.5)   band: < 30.0% | EPS beats, last 8Q                                      4  -> C (5.5)   band: >= 4",high,auto,6.25,62.5
LHX,41,B: Durable Compounder,Industry/Sector Tailwinds,C531,10,D531,Peer-median fwd revenue growth                      38.9%  -> A (9.5)   band: >= 10.0%,low,auto,6.25,62.5
LITE,42,B: Durable Compounder,Valuation,C535,6,D535,FCF yield                                            0.1%  -> F (1.5)   band: < 1.0% | PEG                                                  0.63  -> A (9.5)   band: <= 1.00,medium,auto,5.75,57.5
LITE,42,B: Durable Compounder,Growth,C536,10,D536,Fwd revenue growth                                  53.1%  -> A (9.5)   band: >= 15.0% | Fwd EPS growth                                      59.3%  -> A (9.5)   band: >= 20.0% | 3-yr gross margin trend (bps)                    -1809bps  -> F (1.5)   band: < -200bps,high,auto,5.75,57.5
LITE,42,B: Durable Compounder,Profitability,C537,2,D537,ROIC 3-yr average                                   -5.5%  -> F (1.5)   band: < 4.0% | ROIC persistence (share of yrs >12%)                 0.0%  -> F (1.5)   band: < 20.0% | Gross margin vs peer set                            25.0%  -> D (3.5)   band: >= 25.0% | Return on equity                                  -240.0%  -> F (1.5)   band: < 5.0%,high,auto,5.75,57.5
LITE,42,B: Durable Compounder,Financials,C538,10,D538,Net debt / EBITDA                                   2.55x  -> D (3.5)   band: <= 4.00x | EBIT / interest expense                            12.61x  -> A (9.5)   band: >= 12.00x | Diluted share count 3-yr CAGR                       -2.1%  -> A (9.5)   band: <= 0.0%,high,auto,5.75,57.5
LITE,42,B: Durable Compounder,Business Quality,C539,2,D539,"ROIC persistence (share of yrs >12%)                 0.0%  -> F (1.5)   band: < 20.0% | Gross margin stability (band, bps)               +2754bps  -> F (1.5)   band: > +1500bps",medium,tier3,5.75,57.5
LITE,42,B: Durable Compounder,Management,C540,6,D540,"SBC as % of revenue                                  6.8%  -> B (7.5)   band: <= 8.0% | EPS beats, last 8Q                                      4  -> C (5.5)   band: >= 4 | Insider net open-market activity                       -2  -> F (1.5)   band: < -1.50",high,auto,5.75,57.5
LITE,42,B: Durable Compounder,Income,C541,4,D541,Revenue change in weakest year shown               -23.1%  -> D (3.5)   band: >= -35.0%,low,tier3,5.75,57.5
LITE,42,B: Durable Compounder,Market Sentiment,C542,4,D542,Short interest % of float                           12.2%  -> D (3.5)   band: <= 15.0% | Institutional ownership trend                           1  -> A (9.5)   band: >= 0.50 | Insider net open-market activity (6mo)                 -2  -> F (1.5)   band: < -1.50,high,auto,5.75,57.5
LITE,42,B: Durable Compounder,EPS/Revison Trends,C543,10,D543,"FY2 consensus EPS change vs 3mo ago                  6.9%  -> A (9.5)   band: >= 5.0% | Revision breadth (share up)                        100.0%  -> A (9.5)   band: >= 70.0% | EPS beats, last 8Q                                      4  -> C (5.5)   band: >= 4",medium,auto,5.75,57.5
LITE,42,B: Durable Compounder,Industry/Sector Tailwinds,C544,10,D544,Peer-median fwd revenue growth                      20.4%  -> A (9.5)   band: >= 10.0%,low,auto,5.75,57.5
LTM,43,G: Turnaround,Valuation,C548,6,D548,FCF yield                                            8.9%  -> A (9.5)   band: >= 6.0% | Fwd TEV/EBITDA vs peer median                        6.2%  -> C (5.5)   band: >= -10.0% | PEG                                                  2.58  -> F (1.5)   band: > 2.50,high,auto,6.35,63.5
LTM,43,G: Turnaround,Growth,C549,10,D549,Fwd revenue growth                                   4.0%  -> C (5.5)   band: >= 3.0% | Fwd EPS growth                                      38.4%  -> A (9.5)   band: >= 20.0% | 3-yr gross margin trend (bps)                    +1572bps  -> A (9.5)   band: >= +100bps,high,auto,6.35,63.5
LTM,43,G: Turnaround,Profitability,C550,10,D550,ROIC 3-yr average                                   26.6%  -> A (9.5)   band: >= 20.0% | ROIC persistence (share of yrs >12%)               100.0%  -> A (9.5)   band: >= 80.0% | Gross margin vs peer set                           100.0%  -> A (9.5)   band: >= 75.0% | Return on equity                                   108.0%  -> C (5.5)   band: >= 20.0%  [demoted to B: debt_to_equity is not None and debt_to_equity >= 1.0; notched B->C: debt_to_equity is not None and debt_to_equity > 2.0],high,auto,6.35,63.5
LTM,43,G: Turnaround,Financials,C551,6,D551,Net debt / EBITDA                                   1.61x  -> C (5.5)   band: <= 2.50x | EBIT / interest expense                             3.70x  -> D (3.5)   band: >= 2.00x | Diluted share count 3-yr CAGR                       -0.9%  -> A (9.5)   band: <= 0.0%,high,auto,6.35,63.5
LTM,43,G: Turnaround,Business Quality,C552,6,D552,"ROIC persistence (share of yrs >12%)               100.0%  -> A (9.5)   band: >= 80.0% | Gross margin stability (band, bps)               +1572bps  -> F (1.5)   band: > +1500bps",medium,tier3,6.35,63.5
LTM,43,G: Turnaround,Management,C553,6,D553,"EPS beats, last 8Q                                      4  -> C (5.5)   band: >= 4",low,auto,6.35,63.5
LTM,43,G: Turnaround,Income,C554,10,D554,Revenue change in weakest year shown                10.2%  -> A (9.5)   band: >= 0.0%,low,tier3,6.35,63.5
LTM,43,G: Turnaround,Market Sentiment,C555,5,D555,Short interest % of float                            2.1%  -> B (7.5)   band: <= 5.0% | Institutional ownership trend                          -1  -> F (1.5)   band: < -0.90,medium,auto,6.35,63.5
LTM,43,G: Turnaround,EPS/Revison Trends,C556,2,D556,"FY2 consensus EPS change vs 3mo ago                 -6.5%  -> F (1.5)   band: < -5.0% | Revision breadth (share up)                          0.0%  -> F (1.5)   band: < 30.0% | EPS beats, last 8Q                                      4  -> C (5.5)   band: >= 4",medium,auto,6.35,63.5
LTM,43,G: Turnaround,Industry/Sector Tailwinds,C557,6,D557,Peer-median fwd revenue growth                       4.7%  -> C (5.5)   band: >= 0.0%,low,auto,6.35,63.5
LUMN,44,G: Turnaround,Valuation,C561,10,D561,FCF yield                                           12.3%  -> A (9.5)   band: >= 6.0% | Fwd TEV/EBITDA vs peer median                       27.3%  -> A (9.5)   band: >= 25.0%,medium,auto,4.5,45.0
LUMN,44,G: Turnaround,Growth,C562,2,D562,Fwd revenue growth                                  -3.7%  -> F (1.5)   band: < 0.0% | 3-yr gross margin trend (bps)                     -851bps  -> F (1.5)   band: < -200bps,medium,auto,4.5,45.0
LUMN,44,G: Turnaround,Profitability,C563,2,D563,ROIC 3-yr average                                  -17.2%  -> F (1.5)   band: < 4.0% | ROIC persistence (share of yrs >12%)                 0.0%  -> F (1.5)   band: < 20.0% | Gross margin vs peer set                            14.3%  -> F (1.5)   band: < 25.0% | Return on equity                                    91.7%  -> A (9.5)   band: >= 20.0%,high,auto,4.5,45.0
LUMN,44,G: Turnaround,Financials,C564,2,D564,Net debt / EBITDA                                   7.47x  -> F (1.5)   band: > 4.00x | EBIT / interest expense                            -0.37x  -> F (1.5)   band: < 2.00x | Diluted share count 3-yr CAGR                       -0.4%  -> A (9.5)   band: <= 0.0%,high,auto,4.5,45.0
LUMN,44,G: Turnaround,Business Quality,C565,3,D565,"ROIC persistence (share of yrs >12%)                 0.0%  -> F (1.5)   band: < 20.0% | Gross margin stability (band, bps)                +851bps  -> D (3.5)   band: <= +1500bps",medium,tier3,4.5,45.0
LUMN,44,G: Turnaround,Management,C566,6,D566,"SBC as % of revenue                                  0.5%  -> A (9.5)   band: <= 5.0% | EPS beats, last 8Q                                      3  -> D (3.5)   band: >= 2 | Insider net open-market activity                        0  -> C (5.5)   band: >= -0.50",high,auto,4.5,45.0
LUMN,44,G: Turnaround,Income,C567,6,D567,Revenue change in weakest year shown               -16.7%  -> C (5.5)   band: >= -20.0%,low,tier3,4.5,45.0
LUMN,44,G: Turnaround,Market Sentiment,C568,6,D568,Short interest % of float                            7.2%  -> C (5.5)   band: <= 8.0% | Institutional ownership trend                           1  -> A (9.5)   band: >= 0.50 | Insider net open-market activity (6mo)                  0  -> C (5.5)   band: >= -0.50,high,auto,4.5,45.0
LUMN,44,G: Turnaround,EPS/Revison Trends,C569,6,D569,"FY2 consensus EPS change vs 3mo ago                  0.7%  -> C (5.5)   band: >= -2.0% | Revision breadth (share up)                         50.0%  -> C (5.5)   band: >= 45.0% | EPS beats, last 8Q                                      3  -> D (3.5)   band: >= 2",medium,auto,4.5,45.0
LUMN,44,G: Turnaround,Industry/Sector Tailwinds,C570,6,D570,Peer-median fwd revenue growth                       2.1%  -> C (5.5)   band: >= 0.0%,low,auto,4.5,45.0
LUNR,45,C: High Growth,Valuation,C574,2,D574,FCF yield                                           -4.1%  -> F (1.5)   band: < 1.0%,low,auto,3.3,33.0
LUNR,45,C: High Growth,Growth,C575,2,D575,Fwd revenue growth (high-growth bands)              28.2%  -> B (7.5)   band: >= 25.0% | Rule of 40 (growth% + FCF margin%)                 -12.61  -> F (1.5)   band: < 10 | Gross margin                                         2.9%  -> F (1.5)   band: < 35.0%,high,auto,3.3,33.0
LUNR,45,C: High Growth,Profitability,C576,2,D576,Gross margin vs peer set                            12.5%  -> F (1.5)   band: < 25.0% | Return on equity                                   -30.8%  -> F (1.5)   band: < 5.0%,medium,auto,3.3,33.0
LUNR,45,C: High Growth,Financials,C577,6,D577,Cash runway (yrs) -- dominant when FCF-negative          4.35y  -> B (7.5)   band: >= 4.00y | Net debt / EBITDA                                   1.62x  -> C (5.5)   band: <= 2.50x | Diluted share count 3-yr CAGR                       88.6%  -> F (1.5)   band: > 6.0%,high,auto,3.3,33.0
LUNR,45,C: High Growth,Business Quality,C578,2,D578,"Gross margin stability (band, bps)               +4286bps  -> F (1.5)   band: > +1500bps",low,tier3,3.3,33.0
LUNR,45,C: High Growth,Management,C579,4,D579,"SBC as % of revenue                                  4.5%  -> A (9.5)   band: <= 5.0% | EPS beats, last 8Q                                      2  -> D (3.5)   band: >= 2 | Insider net open-market activity                       -2  -> F (1.5)   band: < -1.50",high,auto,3.3,33.0
LUNR,45,C: High Growth,Income,C580,6,D580,Revenue change in weakest year shown                -9.2%  -> C (5.5)   band: >= -20.0%,low,tier3,3.3,33.0
LUNR,45,C: High Growth,Market Sentiment,C581,2,D581,Short interest % of float                           27.1%  -> F (1.5)   band: > 15.0% | Institutional ownership trend                           1  -> A (9.5)   band: >= 0.50 | Insider net open-market activity (6mo)                 -2  -> F (1.5)   band: < -1.50,high,auto,3.3,33.0
LUNR,45,C: High Growth,EPS/Revison Trends,C582,5,D582,"FY2 consensus EPS change vs 3mo ago                  0.0%  -> C (5.5)   band: >= -2.0% | EPS beats, last 8Q                                      2  -> D (3.5)   band: >= 2",low,auto,3.3,33.0
LUNR,45,C: High Growth,Industry/Sector Tailwinds,C583,8,D583,Peer-median fwd revenue growth                       6.7%  -> B (7.5)   band: >= 5.0%,low,auto,3.3,33.0
MBAI,46,E: Early Biotech,Valuation,C587,2,D587,FCF yield                                           -0.4%  -> F (1.5)   band: < 1.0%,low,auto,3.89,38.9
MBAI,46,E: Early Biotech,Growth,C588,,D588,,none,auto,3.89,38.9
MBAI,46,E: Early Biotech,Profitability,C589,3,D589,ROIC 3-yr average                                    2.8%  -> F (1.5)   band: < 4.0% | ROIC persistence (share of yrs >12%)                33.3%  -> D (3.5)   band: >= 20.0% | Gross margin vs peer set                             0.0%  -> F (1.5)   band: < 25.0% | Return on equity                                   416.7%  -> A (9.5)   band: >= 20.0%,high,auto,3.89,38.9
MBAI,46,E: Early Biotech,Financials,C590,2,D590,Cash runway (yrs) -- dominant when FCF-negative          0.04y  -> F (1.5)   band: < 1.50y | Net debt / EBITDA                                  -0.01x  -> A (9.5)   band: <= 0.50x | Diluted share count 3-yr CAGR                        3.2%  -> D (3.5)   band: <= 6.0%,high,auto,3.89,38.9
MBAI,46,E: Early Biotech,Business Quality,C591,4,D591,ROIC persistence (share of yrs >12%)                33.3%  -> D (3.5)   band: >= 20.0%,low,tier3,3.89,38.9
MBAI,46,E: Early Biotech,Management,C592,2,D592,"EPS beats, last 8Q                                      1  -> F (1.5)   band: < 2",low,auto,3.89,38.9
MBAI,46,E: Early Biotech,Income,C593,,D593,,none,tier3,3.89,38.9
MBAI,46,E: Early Biotech,Market Sentiment,C594,8,D594,Short interest % of float                            1.7%  -> A (9.5)   band: <= 2.0% | Institutional ownership trend                           0  -> C (5.5)   band: >= -0.50,medium,auto,3.89,38.9
MBAI,46,E: Early Biotech,EPS/Revison Trends,C595,2,D595,"EPS beats, last 8Q                                      1  -> F (1.5)   band: < 2",low,auto,3.89,38.9
MBAI,46,E: Early Biotech,Industry/Sector Tailwinds,C596,10,D596,Peer-median fwd revenue growth                      10.2%  -> A (9.5)   band: >= 10.0%,low,auto,3.89,38.9
META,47,B: Durable Compounder,Valuation,C600,8,D600,FCF yield                                            2.8%  -> C (5.5)   band: >= 2.5% | Fwd P/E vs own 5-yr median                          47.2%  -> A (9.5)   band: >= 25.0% | Fwd TEV/EBITDA vs peer median                      -14.7%  -> D (3.5)   band: >= -30.0% | PEG                                                  0.88  -> A (9.5)   band: <= 1.00,high,auto,8.5,85.0
META,47,B: Durable Compounder,Growth,C601,10,D601,Fwd revenue growth                                  20.1%  -> A (9.5)   band: >= 15.0% | Fwd EPS growth                                       6.6%  -> C (5.5)   band: >= 5.0% | 3-yr gross margin trend (bps)                     +365bps  -> A (9.5)   band: >= +100bps,high,auto,8.5,85.0
META,47,B: Durable Compounder,Profitability,C602,10,D602,ROIC 3-yr average                                   27.7%  -> A (9.5)   band: >= 20.0% | ROIC persistence (share of yrs >12%)               100.0%  -> A (9.5)   band: >= 80.0% | Gross margin vs peer set                           100.0%  -> A (9.5)   band: >= 75.0% | Return on equity                                    29.8%  -> A (9.5)   band: >= 20.0%,high,auto,8.5,85.0
META,47,B: Durable Compounder,Financials,C603,10,D603,Net debt / EBITDA                                   0.44x  -> A (9.5)   band: <= 0.50x | EBIT / interest expense                            44.14x  -> A (9.5)   band: >= 12.00x | FCF / net income (3-yr)                             89.1%  -> B (7.5)   band: >= 85.0% | Diluted share count 3-yr CAGR                       -1.6%  -> A (9.5)   band: <= 0.0%,high,auto,8.5,85.0
META,47,B: Durable Compounder,Business Quality,C604,9,D604,"ROIC persistence (share of yrs >12%)               100.0%  -> A (9.5)   band: >= 80.0% | Gross margin stability (band, bps)                +365bps  -> B (7.5)   band: <= +400bps",medium,tier3,8.5,85.0
META,47,B: Durable Compounder,Management,C605,4,D605,"SBC as % of revenue                                 11.0%  -> C (5.5)   band: <= 12.0% | EPS beats, last 8Q                                      2  -> D (3.5)   band: >= 2 | Insider net open-market activity                       -2  -> F (1.5)   band: < -1.50",high,auto,8.5,85.0
META,47,B: Durable Compounder,Income,C606,10,D606,Revenue change in weakest year shown                15.7%  -> A (9.5)   band: >= 0.0%,low,tier3,8.5,85.0
META,47,B: Durable Compounder,Market Sentiment,C607,6,D607,Short interest % of float                            1.4%  -> A (9.5)   band: <= 2.0% | Institutional ownership trend                           0  -> C (5.5)   band: >= -0.50 | Insider net open-market activity (6mo)                 -2  -> F (1.5)   band: < -1.50,high,auto,8.5,85.0
META,47,B: Durable Compounder,EPS/Revison Trends,C608,4,D608,"FY2 consensus EPS change vs 3mo ago                 -2.3%  -> D (3.5)   band: >= -5.0% | Revision breadth (share up)                         17.0%  -> F (1.5)   band: < 30.0% | EPS beats, last 8Q                                      2  -> D (3.5)   band: >= 2",medium,auto,8.5,85.0
META,47,B: Durable Compounder,Industry/Sector Tailwinds,C609,10,D609,Peer-median fwd revenue growth                      20.1%  -> A (9.5)   band: >= 10.0%,low,auto,8.5,85.0
MP,48,D: Cyclical / Commodity,Valuation,C613,2,D613,FCF yield                                           -4.8%  -> F (1.5)   band: < 1.0%,low,auto,4.25,42.5
MP,48,D: Cyclical / Commodity,Growth,C614,6,D614,Fwd revenue growth                                  78.6%  -> A (9.5)   band: >= 15.0% | 3-yr gross margin trend (bps)                   -10471bps  -> F (1.5)   band: < -200bps,medium,auto,4.25,42.5
MP,48,D: Cyclical / Commodity,Profitability,C615,2,D615,ROIC 3-yr average                                   -1.6%  -> F (1.5)   band: < 4.0% | ROIC persistence (share of yrs >12%)                25.0%  -> D (3.5)   band: >= 20.0% | Gross margin vs peer set                             0.0%  -> F (1.5)   band: < 25.0% | Return on equity                                    -3.6%  -> F (1.5)   band: < 5.0%,high,auto,4.25,42.5
MP,48,D: Cyclical / Commodity,Financials,C616,6,D616,Net debt / EBITDA                                  -3.91x  -> A (9.5)   band: <= 0.50x | EBIT / interest expense                            -1.39x  -> F (1.5)   band: < 2.00x | Diluted share count 3-yr CAGR                       -4.2%  -> A (9.5)   band: <= 0.0%,high,auto,4.25,42.5
MP,48,D: Cyclical / Commodity,Business Quality,C617,3,D617,"ROIC persistence (share of yrs >12%)                25.0%  -> D (3.5)   band: >= 20.0% | Gross margin stability (band, bps)              +11180bps  -> F (1.5)   band: > +1500bps",medium,tier3,4.25,42.5
MP,48,D: Cyclical / Commodity,Management,C618,4,D618,"SBC as % of revenue                                 13.6%  -> D (3.5)   band: <= 15.0% | EPS beats, last 8Q                                      3  -> D (3.5)   band: >= 2",medium,auto,4.25,42.5
MP,48,D: Cyclical / Commodity,Income,C619,2,D619,Revenue change in weakest year shown               -52.0%  -> F (1.5)   band: < -35.0%,low,tier3,4.25,42.5
MP,48,D: Cyclical / Commodity,Market Sentiment,C620,4,D620,Short interest % of float                           17.3%  -> F (1.5)   band: > 15.0% | Institutional ownership trend                           0  -> C (5.5)   band: >= -0.50,medium,auto,4.25,42.5
MP,48,D: Cyclical / Commodity,EPS/Revison Trends,C621,2,D621,"FY2 consensus EPS change vs 3mo ago                -28.6%  -> F (1.5)   band: < -5.0% | Revision breadth (share up)                         16.7%  -> F (1.5)   band: < 30.0% | EPS beats, last 8Q                                      3  -> D (3.5)   band: >= 2",medium,auto,4.25,42.5
MP,48,D: Cyclical / Commodity,Industry/Sector Tailwinds,C622,8,D622,Peer-median fwd revenue growth                       7.0%  -> B (7.5)   band: >= 5.0%,low,auto,4.25,42.5
MSFT,49,B: Durable Compounder,Valuation,C626,8,D626,FCF yield                                            1.9%  -> D (3.5)   band: >= 1.0% | Fwd P/E vs own 5-yr median                          73.1%  -> A (9.5)   band: >= 25.0% | Fwd TEV/EBITDA vs peer median                       56.4%  -> A (9.5)   band: >= 25.0% | PEG                                                  1.61  -> C (5.5)   band: <= 1.80,high,auto,8.4,84.0
MSFT,49,B: Durable Compounder,Growth,C627,8,D627,Fwd revenue growth                                  19.7%  -> A (9.5)   band: >= 15.0% | Fwd EPS growth                                      19.6%  -> B (7.5)   band: >= 10.0% | 3-yr gross margin trend (bps)                      -98bps  -> D (3.5)   band: >= -200bps,high,auto,8.4,84.0
MSFT,49,B: Durable Compounder,Profitability,C628,10,D628,ROIC 3-yr average                                   28.3%  -> A (9.5)   band: >= 20.0% | ROIC persistence (share of yrs >12%)               100.0%  -> A (9.5)   band: >= 80.0% | Gross margin vs peer set                            14.3%  -> F (1.5)   band: < 25.0% | Return on equity                                    34.0%  -> A (9.5)   band: >= 20.0%,high,auto,8.4,84.0
MSFT,49,B: Durable Compounder,Financials,C629,6,D629,Net debt / EBITDA                                   0.18x  -> A (9.5)   band: <= 0.50x | EBIT / interest expense                            55.39x  -> A (9.5)   band: >= 12.00x | FCF / net income (3-yr)                             65.7%  -> D (3.5)   band: >= 50.0% | Diluted share count 3-yr CAGR                       -0.1%  -> A (9.5)   band: <= 0.0%,high,auto,8.4,84.0
MSFT,49,B: Durable Compounder,Business Quality,C630,10,D630,"ROIC persistence (share of yrs >12%)               100.0%  -> A (9.5)   band: >= 80.0% | Gross margin stability (band, bps)                +182bps  -> A (9.5)   band: <= +200bps",medium,tier3,8.4,84.0
MSFT,49,B: Durable Compounder,Management,C631,6,D631,"SBC as % of revenue                                  3.7%  -> A (9.5)   band: <= 5.0% | EPS beats, last 8Q                                      4  -> C (5.5)   band: >= 4 | Insider net open-market activity                    -1.68  -> F (1.5)   band: < -1.50",high,auto,8.4,84.0
MSFT,49,B: Durable Compounder,Income,C632,10,D632,Revenue change in weakest year shown                14.9%  -> A (9.5)   band: >= 0.0%,low,tier3,8.4,84.0
MSFT,49,B: Durable Compounder,Market Sentiment,C633,6,D633,Short interest % of float                            1.1%  -> A (9.5)   band: <= 2.0% | Institutional ownership trend                           0  -> C (5.5)   band: >= -0.50 | Insider net open-market activity (6mo)              -1.68  -> F (1.5)   band: < -1.50,high,auto,8.4,84.0
MSFT,49,B: Durable Compounder,EPS/Revison Trends,C634,8,D634,"FY2 consensus EPS change vs 3mo ago                  4.2%  -> B (7.5)   band: >= 2.0% | Revision breadth (share up)                         82.6%  -> A (9.5)   band: >= 70.0% | EPS beats, last 8Q                                      4  -> C (5.5)   band: >= 4",high,auto,8.4,84.0
MSFT,49,B: Durable Compounder,Industry/Sector Tailwinds,C635,10,D635,Peer-median fwd revenue growth                      21.7%  -> A (9.5)   band: >= 10.0%,low,auto,8.4,84.0
MU,50,D: Cyclical / Commodity,Valuation,C639,10,D639,FCF yield                                            2.3%  -> D (3.5)   band: >= 1.0% | Fwd P/E vs own 5-yr median                         139.7%  -> A (9.5)   band: >= 25.0% | Fwd TEV/EBITDA vs peer median                       49.6%  -> A (9.5)   band: >= 25.0% | PEG                                                  0.14  -> A (9.5)   band: <= 1.00,high,auto,7.9,79.0
MU,50,D: Cyclical / Commodity,Growth,C640,10,D640,Fwd revenue growth                                  84.9%  -> A (9.5)   band: >= 15.0% | Fwd EPS growth                                     111.1%  -> A (9.5)   band: >= 20.0% | 3-yr gross margin trend (bps)                     -539bps  -> F (1.5)   band: < -200bps,high,auto,7.9,79.0
MU,50,D: Cyclical / Commodity,Profitability,C641,4,D641,ROIC 3-yr average                                    2.2%  -> F (1.5)   band: < 4.0% | ROIC persistence (share of yrs >12%)                50.0%  -> C (5.5)   band: >= 40.0% | Gross margin vs peer set                            12.5%  -> F (1.5)   band: < 25.0% | Return on equity                                    66.6%  -> A (9.5)   band: >= 20.0%,high,auto,7.9,79.0
MU,50,D: Cyclical / Commodity,Financials,C642,9,D642,Net debt / EBITDA                                   0.08x  -> A (9.5)   band: <= 0.50x | EBIT / interest expense                           257.80x  -> A (9.5)   band: >= 12.00x | FCF / net income (3-yr)                           -124.2%  -> F (1.5)   band: < 50.0% | Diluted share count 3-yr CAGR                        0.1%  -> B (7.5)   band: <= 1.0%,high,auto,7.9,79.0
MU,50,D: Cyclical / Commodity,Business Quality,C643,4,D643,"ROIC persistence (share of yrs >12%)                50.0%  -> C (5.5)   band: >= 40.0% | Gross margin stability (band, bps)               +5430bps  -> F (1.5)   band: > +1500bps",medium,tier3,7.9,79.0
MU,50,D: Cyclical / Commodity,Management,C644,6,D644,"SBC as % of revenue                                  1.3%  -> A (9.5)   band: <= 5.0% | EPS beats, last 8Q                                      4  -> C (5.5)   band: >= 4 | Insider net open-market activity                       -2  -> F (1.5)   band: < -1.50",high,auto,7.9,79.0
MU,50,D: Cyclical / Commodity,Income,C645,2,D645,Revenue change in weakest year shown               -49.5%  -> F (1.5)   band: < -35.0%,low,tier3,7.9,79.0
MU,50,D: Cyclical / Commodity,Market Sentiment,C646,6,D646,Short interest % of float                            2.7%  -> B (7.5)   band: <= 5.0% | Institutional ownership trend                           0  -> C (5.5)   band: >= -0.50 | Insider net open-market activity (6mo)                 -2  -> F (1.5)   band: < -1.50,high,auto,7.9,79.0
MU,50,D: Cyclical / Commodity,EPS/Revison Trends,C647,10,D647,"FY2 consensus EPS change vs 3mo ago                 52.1%  -> A (9.5)   band: >= 5.0% | Revision breadth (share up)                         83.3%  -> A (9.5)   band: >= 70.0% | EPS beats, last 8Q                                      4  -> C (5.5)   band: >= 4",medium,auto,7.9,79.0
MU,50,D: Cyclical / Commodity,Industry/Sector Tailwinds,C648,10,D648,Peer-median fwd revenue growth                      46.9%  -> A (9.5)   band: >= 10.0%,low,auto,7.9,79.0
MXL,51,C: High Growth,Valuation,C652,6,D652,FCF yield                                            0.0%  -> F (1.5)   band: < 1.0% | PEG                                                  0.39  -> A (9.5)   band: <= 1.00,medium,auto,6.15,61.5
MXL,51,C: High Growth,Growth,C653,6,D653,Fwd revenue growth (high-growth bands)              29.2%  -> B (7.5)   band: >= 25.0% | Rule of 40 (growth% + FCF margin%)                  29.33  -> C (5.5)   band: >= 25 | Gross margin                                        56.8%  -> C (5.5)   band: >= 50.0%,high,auto,6.15,61.5
MXL,51,C: High Growth,Profitability,C654,3,D654,ROIC 3-yr average                                  -24.7%  -> F (1.5)   band: < 4.0% | ROIC persistence (share of yrs >12%)                25.0%  -> D (3.5)   band: >= 20.0% | Gross margin vs peer set                            75.0%  -> A (9.5)   band: >= 75.0% | Return on equity                                   -21.3%  -> F (1.5)   band: < 5.0%,high,auto,6.15,61.5
MXL,51,C: High Growth,Financials,C655,10,D655,Cash runway (yrs) -- dominant when FCF-negative   FCF-positive  -> A (9.5)   band: >= FCF-positive | Net debt / EBITDA                                  -3.22x  -> A (9.5)   band: <= 0.50x | Diluted share count 3-yr CAGR                        2.3%  -> C (5.5)   band: <= 3.0%,high,auto,6.15,61.5
MXL,51,C: High Growth,Business Quality,C656,6,D656,"ROIC persistence (share of yrs >12%)                25.0%  -> D (3.5)   band: >= 20.0% | Gross margin stability (band, bps)                +398bps  -> B (7.5)   band: <= +400bps",medium,tier3,6.15,61.5
MXL,51,C: High Growth,Management,C657,2,D657,"SBC as % of revenue                                 15.6%  -> F (1.5)   band: > 15.0% | EPS beats, last 8Q                                      4  -> C (5.5)   band: >= 4 | Insider net open-market activity                       -2  -> F (1.5)   band: < -1.50",high,auto,6.15,61.5
MXL,51,C: High Growth,Income,C658,2,D658,Revenue change in weakest year shown               -48.0%  -> F (1.5)   band: < -35.0%,low,tier3,6.15,61.5
MXL,51,C: High Growth,Market Sentiment,C659,6,D659,Short interest % of float                            6.4%  -> C (5.5)   band: <= 8.0% | Institutional ownership trend                           1  -> A (9.5)   band: >= 0.50 | Insider net open-market activity (6mo)                 -2  -> F (1.5)   band: < -1.50,high,auto,6.15,61.5
MXL,51,C: High Growth,EPS/Revison Trends,C660,10,D660,"FY2 consensus EPS change vs 3mo ago                 38.3%  -> A (9.5)   band: >= 5.0% | Revision breadth (share up)                        100.0%  -> A (9.5)   band: >= 70.0% | EPS beats, last 8Q                                      4  -> C (5.5)   band: >= 4",high,auto,6.15,61.5
MXL,51,C: High Growth,Industry/Sector Tailwinds,C661,10,D661,Peer-median fwd revenue growth                      27.6%  -> A (9.5)   band: >= 10.0%,low,auto,6.15,61.5
NBIS,52,C: High Growth,Valuation,C665,2,D665,FCF yield                                           -8.1%  -> F (1.5)   band: < 1.0%,low,auto,3.95,39.5
NBIS,52,C: High Growth,Growth,C666,8,D666,Fwd revenue growth (high-growth bands)             250.5%  -> A (9.5)   band: >= 40.0% | Rule of 40 (growth% + FCF margin%)                -183.67  -> F (1.5)   band: < 10 | Gross margin                                        68.6%  -> B (7.5)   band: >= 65.0%,high,auto,3.95,39.5
NBIS,52,C: High Growth,Profitability,C667,2,D667,ROIC 3-yr average                                  -16.3%  -> F (1.5)   band: < 4.0% | ROIC persistence (share of yrs >12%)                 0.0%  -> F (1.5)   band: < 20.0% | Gross margin vs peer set                            87.5%  -> A (9.5)   band: >= 75.0% | Return on equity                                     0.6%  -> F (1.5)   band: < 5.0%,high,auto,3.95,39.5
NBIS,52,C: High Growth,Financials,C668,2,D668,Cash runway (yrs) -- dominant when FCF-negative          0.63y  -> F (1.5)   band: < 1.50y | Net debt / EBITDA                                   5.02x  -> F (1.5)   band: > 4.00x | Diluted share count 3-yr CAGR                      -13.1%  -> A (9.5)   band: <= 0.0%,high,auto,3.95,39.5
NBIS,52,C: High Growth,Business Quality,C669,2,D669,"ROIC persistence (share of yrs >12%)                 0.0%  -> F (1.5)   band: < 20.0% | Gross margin stability (band, bps)              +17900bps  -> F (1.5)   band: > +1500bps",medium,tier3,3.95,39.5
NBIS,52,C: High Growth,Management,C670,4,D670,"SBC as % of revenue                                 13.9%  -> D (3.5)   band: <= 15.0% | EPS beats, last 8Q                                      2  -> D (3.5)   band: >= 2 | Insider net open-market activity                       -2  -> F (1.5)   band: < -1.50",high,auto,3.95,39.5
NBIS,52,C: High Growth,Income,C671,4,D671,Revenue change in weakest year shown               -27.4%  -> D (3.5)   band: >= -35.0%,low,tier3,3.95,39.5
NBIS,52,C: High Growth,Market Sentiment,C672,2,D672,Short interest % of float                           27.6%  -> F (1.5)   band: > 15.0% | Institutional ownership trend                           1  -> A (9.5)   band: >= 0.50 | Insider net open-market activity (6mo)                 -2  -> F (1.5)   band: < -1.50,high,auto,3.95,39.5
NBIS,52,C: High Growth,EPS/Revison Trends,C673,2,D673,"FY2 consensus EPS change vs 3mo ago                -32.9%  -> F (1.5)   band: < -5.0% | Revision breadth (share up)                          0.0%  -> F (1.5)   band: < 30.0% | EPS beats, last 8Q                                      2  -> D (3.5)   band: >= 2",medium,auto,3.95,39.5
NBIS,52,C: High Growth,Industry/Sector Tailwinds,C674,8,D674,Peer-median fwd revenue growth                       8.5%  -> B (7.5)   band: >= 5.0%,low,auto,3.95,39.5
NEM,53,D: Cyclical / Commodity,Valuation,C678,8,D678,FCF yield                                            7.7%  -> A (9.5)   band: >= 6.0% | Fwd TEV/EBITDA vs peer median                       11.2%  -> B (7.5)   band: >= 10.0% | PEG                                                  2.78  -> F (1.5)   band: > 2.50,high,auto,7.15,71.5
NEM,53,D: Cyclical / Commodity,Growth,C679,8,D679,Fwd revenue growth                                   8.6%  -> B (7.5)   band: >= 8.0% | Fwd EPS growth                                      12.3%  -> B (7.5)   band: >= 10.0% | 3-yr gross margin trend (bps)                    +2584bps  -> A (9.5)   band: >= +100bps,high,auto,7.15,71.5
NEM,53,D: Cyclical / Commodity,Profitability,C680,7,D680,ROIC 3-yr average                                    8.8%  -> D (3.5)   band: >= 4.0% | ROIC persistence (share of yrs >12%)                25.0%  -> D (3.5)   band: >= 20.0% | Gross margin vs peer set                            75.0%  -> A (9.5)   band: >= 75.0% | Return on equity                                    25.9%  -> A (9.5)   band: >= 20.0%,high,auto,7.15,71.5
NEM,53,D: Cyclical / Commodity,Financials,C681,10,D681,Net debt / EBITDA                                  -0.12x  -> A (9.5)   band: <= 0.50x | EBIT / interest expense                            84.87x  -> A (9.5)   band: >= 12.00x | FCF / net income (3-yr)                            130.5%  -> A (9.5)   band: >= 100.0% | Diluted share count 3-yr CAGR                       11.7%  -> F (1.5)   band: > 6.0%,high,auto,7.15,71.5
NEM,53,D: Cyclical / Commodity,Business Quality,C682,3,D682,"ROIC persistence (share of yrs >12%)                25.0%  -> D (3.5)   band: >= 20.0% | Gross margin stability (band, bps)               +2777bps  -> F (1.5)   band: > +1500bps",medium,tier3,7.15,71.5
NEM,53,D: Cyclical / Commodity,Management,C683,6,D683,"SBC as % of revenue                                  0.4%  -> A (9.5)   band: <= 5.0% | EPS beats, last 8Q                                      4  -> C (5.5)   band: >= 4 | Insider net open-market activity                       -2  -> F (1.5)   band: < -1.50",high,auto,7.15,71.5
NEM,53,D: Cyclical / Commodity,Income,C684,8,D684,Revenue change in weakest year shown                -0.9%  -> B (7.5)   band: >= -5.0%,low,tier3,7.15,71.5
NEM,53,D: Cyclical / Commodity,Market Sentiment,C685,6,D685,Short interest % of float                            2.0%  -> B (7.5)   band: <= 5.0% | Institutional ownership trend                           0  -> C (5.5)   band: >= -0.50 | Insider net open-market activity (6mo)                 -2  -> F (1.5)   band: < -1.50,high,auto,7.15,71.5
NEM,53,D: Cyclical / Commodity,EPS/Revison Trends,C686,2,D686,"FY2 consensus EPS change vs 3mo ago                 -7.1%  -> F (1.5)   band: < -5.0% | Revision breadth (share up)                         26.7%  -> F (1.5)   band: < 30.0% | EPS beats, last 8Q                                      4  -> C (5.5)   band: >= 4",medium,auto,7.15,71.5
NEM,53,D: Cyclical / Commodity,Industry/Sector Tailwinds,C687,8,D687,Peer-median fwd revenue growth                       8.6%  -> B (7.5)   band: >= 5.0%,low,auto,7.15,71.5
NKE,54,A: Mature Cash Generator,Valuation,C691,6,D691,FCF yield                                            3.7%  -> C (5.5)   band: >= 2.5% | Fwd P/E vs own 5-yr median                          48.6%  -> A (9.5)   band: >= 25.0% | Fwd TEV/EBITDA vs peer median                      -12.9%  -> D (3.5)   band: >= -30.0% | PEG                                                  1.51  -> C (5.5)   band: <= 1.80,high,auto,7.4,74.0
NKE,54,A: Mature Cash Generator,Growth,C692,6,D692,Fwd revenue growth                                   4.0%  -> C (5.5)   band: >= 3.0% | Fwd EPS growth                                      29.7%  -> A (9.5)   band: >= 20.0% | 3-yr gross margin trend (bps)                      -61bps  -> D (3.5)   band: >= -200bps,high,auto,7.4,74.0
NKE,54,A: Mature Cash Generator,Profitability,C693,10,D693,ROIC 3-yr average                                   22.4%  -> A (9.5)   band: >= 20.0% | ROIC persistence (share of yrs >12%)               100.0%  -> A (9.5)   band: >= 80.0% | Gross margin vs peer set                            75.0%  -> A (9.5)   band: >= 75.0% | Return on equity                                    22.1%  -> A (9.5)   band: >= 20.0%,high,auto,7.4,74.0
NKE,54,A: Mature Cash Generator,Financials,C694,6,D694,Net debt / EBITDA                                   0.70x  -> B (7.5)   band: <= 1.50x | EBIT / interest expense                           999.00x  -> A (9.5)   band: >= 12.00x | FCF / net income (3-yr)                            100.3%  -> A (9.5)   band: >= 100.0% | Diluted share count 3-yr CAGR                       -1.9%  -> A (9.5)   band: <= 0.0%,high,auto,7.4,74.0
NKE,54,A: Mature Cash Generator,Business Quality,C695,10,D695,"ROIC persistence (share of yrs >12%)               100.0%  -> A (9.5)   band: >= 80.0% | Gross margin stability (band, bps)                +183bps  -> A (9.5)   band: <= +200bps",medium,tier3,7.4,74.0
NKE,54,A: Mature Cash Generator,Management,C696,8,D696,"SBC as % of revenue                                  1.5%  -> A (9.5)   band: <= 5.0% | EPS beats, last 8Q                                      4  -> C (5.5)   band: >= 4 | Insider net open-market activity                     1.21  -> B (7.5)   band: >= 0.50",high,auto,7.4,74.0
NKE,54,A: Mature Cash Generator,Income,C697,6,D697,Revenue change in weakest year shown                -9.8%  -> C (5.5)   band: >= -20.0%,low,tier3,7.4,74.0
NKE,54,A: Mature Cash Generator,Market Sentiment,C698,6,D698,Short interest % of float                            6.0%  -> C (5.5)   band: <= 8.0% | Institutional ownership trend                           0  -> C (5.5)   band: >= -0.50 | Insider net open-market activity (6mo)               1.21  -> B (7.5)   band: >= 0.50,high,auto,7.4,74.0
NKE,54,A: Mature Cash Generator,EPS/Revison Trends,C699,2,D699,"FY2 consensus EPS change vs 3mo ago                 -8.7%  -> F (1.5)   band: < -5.0% | Revision breadth (share up)                          0.0%  -> F (1.5)   band: < 30.0% | EPS beats, last 8Q                                      4  -> C (5.5)   band: >= 4",medium,auto,7.4,74.0
NKE,54,A: Mature Cash Generator,Industry/Sector Tailwinds,C700,8,D700,Peer-median fwd revenue growth                       8.4%  -> B (7.5)   band: >= 5.0%,low,auto,7.4,74.0
NOW,55,B: Durable Compounder,Valuation,C704,7,D704,FCF yield                                            3.7%  -> C (5.5)   band: >= 2.5% | Fwd P/E vs own 5-yr median                         420.3%  -> A (9.5)   band: >= 25.0% | Fwd TEV/EBITDA vs peer median                     -198.5%  -> F (1.5)   band: < -30.0% | PEG                                                  1.11  -> B (7.5)   band: <= 1.30,high,auto,7.85,78.5
NOW,55,B: Durable Compounder,Growth,C705,10,D705,Fwd revenue growth                                  18.8%  -> A (9.5)   band: >= 15.0% | Fwd EPS growth                                      23.1%  -> A (9.5)   band: >= 20.0% | 3-yr gross margin trend (bps)                      -75bps  -> D (3.5)   band: >= -200bps,high,auto,7.85,78.5
NOW,55,B: Durable Compounder,Profitability,C706,6,D706,ROIC 3-yr average                                   13.2%  -> B (7.5)   band: >= 13.0% | ROIC persistence (share of yrs >12%)                50.0%  -> C (5.5)   band: >= 40.0% | Gross margin vs peer set                            37.5%  -> D (3.5)   band: >= 25.0% | Return on equity                                    14.2%  -> C (5.5)   band: >= 10.0%,high,auto,7.85,78.5
NOW,55,B: Durable Compounder,Financials,C707,10,D707,Net debt / EBITDA                                  -0.46x  -> A (9.5)   band: <= 0.50x | EBIT / interest expense                            29.27x  -> A (9.5)   band: >= 12.00x | FCF / net income (3-yr)                            216.3%  -> A (9.5)   band: >= 100.0% | Diluted share count 3-yr CAGR                        0.9%  -> B (7.5)   band: <= 1.0%,high,auto,7.85,78.5
NOW,55,B: Durable Compounder,Business Quality,C708,8,D708,"ROIC persistence (share of yrs >12%)                50.0%  -> C (5.5)   band: >= 40.0% | Gross margin stability (band, bps)                +164bps  -> A (9.5)   band: <= +200bps",medium,tier3,7.85,78.5
NOW,55,B: Durable Compounder,Management,C709,6,D709,"SBC as % of revenue                                 14.8%  -> D (3.5)   band: <= 15.0% | EPS beats, last 8Q                                      4  -> C (5.5)   band: >= 4 | Insider net open-market activity                    -0.42  -> C (5.5)   band: >= -0.50",high,auto,7.85,78.5
NOW,55,B: Durable Compounder,Income,C710,10,D710,Revenue change in weakest year shown                20.9%  -> A (9.5)   band: >= 0.0%,low,tier3,7.85,78.5
NOW,55,B: Durable Compounder,Market Sentiment,C711,6,D711,Short interest % of float                            3.6%  -> B (7.5)   band: <= 5.0% | Institutional ownership trend                           0  -> C (5.5)   band: >= -0.50 | Insider net open-market activity (6mo)              -0.42  -> C (5.5)   band: >= -0.50,high,auto,7.85,78.5
NOW,55,B: Durable Compounder,EPS/Revison Trends,C712,6,D712,"FY2 consensus EPS change vs 3mo ago                 -0.4%  -> C (5.5)   band: >= -2.0% | Revision breadth (share up)                         47.2%  -> C (5.5)   band: >= 45.0% | EPS beats, last 8Q                                      4  -> C (5.5)   band: >= 4",high,auto,7.85,78.5
NOW,55,B: Durable Compounder,Industry/Sector Tailwinds,C713,10,D713,Peer-median fwd revenue growth                      12.3%  -> A (9.5)   band: >= 10.0%,low,auto,7.85,78.5
NUVB,56,E: Early Biotech,Valuation,C717,2,D717,FCF yield                                           -5.5%  -> F (1.5)   band: < 1.0%,low,auto,3.6,36.0
NUVB,56,E: Early Biotech,Growth,C718,10,D718,Fwd revenue growth                                  41.3%  -> A (9.5)   band: >= 15.0%,low,auto,3.6,36.0
NUVB,56,E: Early Biotech,Profitability,C719,2,D719,ROIC 3-yr average                                  -79.7%  -> F (1.5)   band: < 4.0% | ROIC persistence (share of yrs >12%)                 0.0%  -> F (1.5)   band: < 20.0% | Gross margin vs peer set                            50.0%  -> C (5.5)   band: >= 45.0% | Return on equity                                   -47.8%  -> F (1.5)   band: < 5.0%,high,auto,3.6,36.0
NUVB,56,E: Early Biotech,Financials,C720,2,D720,Cash runway (yrs) -- dominant when FCF-negative          1.27y  -> F (1.5)   band: < 1.50y | Net debt / EBITDA                                   0.79x  -> B (7.5)   band: <= 1.50x | Diluted share count 3-yr CAGR                       16.4%  -> F (1.5)   band: > 6.0%,high,auto,3.6,36.0
NUVB,56,E: Early Biotech,Business Quality,C721,2,D721,ROIC persistence (share of yrs >12%)                 0.0%  -> F (1.5)   band: < 20.0%,low,tier3,3.6,36.0
NUVB,56,E: Early Biotech,Management,C722,2,D722,"SBC as % of revenue                                 20.9%  -> F (1.5)   band: > 15.0% | EPS beats, last 8Q                                      1  -> F (1.5)   band: < 2 | Insider net open-market activity                    -1.84  -> F (1.5)   band: < -1.50",high,auto,3.6,36.0
NUVB,56,E: Early Biotech,Income,C723,10,D723,Revenue change in weakest year shown               699.0%  -> A (9.5)   band: >= 0.0%,low,tier3,3.6,36.0
NUVB,56,E: Early Biotech,Market Sentiment,C724,2,D724,Short interest % of float                           25.2%  -> F (1.5)   band: > 15.0% | Institutional ownership trend                           0  -> C (5.5)   band: >= -0.50 | Insider net open-market activity (6mo)              -1.84  -> F (1.5)   band: < -1.50,high,auto,3.6,36.0
NUVB,56,E: Early Biotech,EPS/Revison Trends,C725,2,D725,"FY2 consensus EPS change vs 3mo ago                 75.0%  -> A (9.5)   band: >= 5.0% | Revision breadth (share up)                          0.0%  -> F (1.5)   band: < 30.0% | EPS beats, last 8Q                                      1  -> F (1.5)   band: < 2",medium,auto,3.6,36.0
NUVB,56,E: Early Biotech,Industry/Sector Tailwinds,C726,10,D726,Peer-median fwd revenue growth                      10.2%  -> A (9.5)   band: >= 10.0%,low,auto,3.6,36.0
NVDA,57,B: Durable Compounder,Valuation,C730,7,D730,FCF yield                                            2.2%  -> D (3.5)   band: >= 1.0% | Fwd P/E vs own 5-yr median                         167.8%  -> A (9.5)   band: >= 25.0% | Fwd TEV/EBITDA vs peer median                      -14.8%  -> D (3.5)   band: >= -30.0% | PEG                                                  0.62  -> A (9.5)   band: <= 1.00,high,auto,8.25,82.5
NVDA,57,B: Durable Compounder,Growth,C731,10,D731,Fwd revenue growth                                  42.7%  -> A (9.5)   band: >= 15.0% | Fwd EPS growth                                      42.9%  -> A (9.5)   band: >= 20.0% | 3-yr gross margin trend (bps)                    +1414bps  -> A (9.5)   band: >= +100bps,high,auto,8.25,82.5
NVDA,57,B: Durable Compounder,Profitability,C732,10,D732,ROIC 3-yr average                                   77.0%  -> A (9.5)   band: >= 20.0% | ROIC persistence (share of yrs >12%)               100.0%  -> A (9.5)   band: >= 80.0% | Gross margin vs peer set                            87.5%  -> A (9.5)   band: >= 75.0% | Return on equity                                   114.3%  -> A (9.5)   band: >= 20.0%,high,auto,8.25,82.5
NVDA,57,B: Durable Compounder,Financials,C733,10,D733,Net debt / EBITDA                                   0.00x  -> A (9.5)   band: <= 0.50x | EBIT / interest expense                           636.71x  -> A (9.5)   band: >= 12.00x | FCF / net income (3-yr)                             82.9%  -> C (5.5)   band: >= 70.0% | Diluted share count 3-yr CAGR                       -0.7%  -> A (9.5)   band: <= 0.0%,high,auto,8.25,82.5
NVDA,57,B: Durable Compounder,Business Quality,C734,6,D734,"ROIC persistence (share of yrs >12%)               100.0%  -> A (9.5)   band: >= 80.0% | Gross margin stability (band, bps)               +1806bps  -> F (1.5)   band: > +1500bps",medium,tier3,8.25,82.5
NVDA,57,B: Durable Compounder,Management,C735,6,D735,"SBC as % of revenue                                  2.7%  -> A (9.5)   band: <= 5.0% | EPS beats, last 8Q                                      4  -> C (5.5)   band: >= 4 | Insider net open-market activity                       -2  -> F (1.5)   band: < -1.50",high,auto,8.25,82.5
NVDA,57,B: Durable Compounder,Income,C736,10,D736,Revenue change in weakest year shown                65.5%  -> A (9.5)   band: >= 0.0%,low,tier3,8.25,82.5
NVDA,57,B: Durable Compounder,Market Sentiment,C737,6,D737,Short interest % of float                            1.3%  -> A (9.5)   band: <= 2.0% | Institutional ownership trend                           0  -> C (5.5)   band: >= -0.50 | Insider net open-market activity (6mo)                 -2  -> F (1.5)   band: < -1.50,high,auto,8.25,82.5
NVDA,57,B: Durable Compounder,EPS/Revison Trends,C738,10,D738,"FY2 consensus EPS change vs 3mo ago                 12.0%  -> A (9.5)   band: >= 5.0% | Revision breadth (share up)                        100.0%  -> A (9.5)   band: >= 70.0% | EPS beats, last 8Q                                      4  -> C (5.5)   band: >= 4",medium,auto,8.25,82.5
NVDA,57,B: Durable Compounder,Industry/Sector Tailwinds,C739,10,D739,Peer-median fwd revenue growth                      42.7%  -> A (9.5)   band: >= 10.0%,low,auto,8.25,82.5
NVO,58,B: Durable Compounder,Valuation,C743,4,D743,FCF yield                                            3.7%  -> C (5.5)   band: >= 2.5% | Fwd P/E vs own 5-yr median                         -68.0%  -> F (1.5)   band: < -30.0% | Fwd TEV/EBITDA vs peer median                       88.3%  -> A (9.5)   band: >= 25.0% | PEG                                                  3.14  -> F (1.5)   band: > 2.50,high,auto,5.85,58.5
NVO,58,B: Durable Compounder,Growth,C744,2,D744,Fwd revenue growth                                   1.9%  -> D (3.5)   band: >= 0.0% | Fwd EPS growth                                      -4.7%  -> F (1.5)   band: < 0.0% | 3-yr gross margin trend (bps)                     -294bps  -> F (1.5)   band: < -200bps,high,auto,5.85,58.5
NVO,58,B: Durable Compounder,Profitability,C745,10,D745,ROIC 3-yr average                                   50.1%  -> A (9.5)   band: >= 20.0% | ROIC persistence (share of yrs >12%)               100.0%  -> A (9.5)   band: >= 80.0% | Gross margin vs peer set                           100.0%  -> A (9.5)   band: >= 75.0% | Return on equity                                    59.8%  -> A (9.5)   band: >= 20.0%,high,auto,5.85,58.5
NVO,58,B: Durable Compounder,Financials,C746,6,D746,Net debt / EBITDA                                   0.60x  -> B (7.5)   band: <= 1.50x | EBIT / interest expense                           158.09x  -> A (9.5)   band: >= 12.00x | FCF / net income (3-yr)                             58.7%  -> D (3.5)   band: >= 50.0% | Diluted share count 3-yr CAGR                       -0.7%  -> A (9.5)   band: <= 0.0%,high,auto,5.85,58.5
NVO,58,B: Durable Compounder,Business Quality,C747,6,D747,"ROIC persistence (share of yrs >12%)               100.0%  -> A (9.5)   band: >= 80.0% | Gross margin stability (band, bps)                +369bps  -> B (7.5)   band: <= +400bps",medium,tier3,5.85,58.5
NVO,58,B: Durable Compounder,Management,C748,4,D748,"EPS beats, last 8Q                                      3  -> D (3.5)   band: >= 2",low,auto,5.85,58.5
NVO,58,B: Durable Compounder,Income,C749,10,D749,Revenue change in weakest year shown                 6.4%  -> A (9.5)   band: >= 0.0%,low,tier3,5.85,58.5
NVO,58,B: Durable Compounder,Market Sentiment,C750,10,D750,Short interest % of float                            0.9%  -> A (9.5)   band: <= 2.0% | Institutional ownership trend                           1  -> A (9.5)   band: >= 0.50,medium,auto,5.85,58.5
NVO,58,B: Durable Compounder,EPS/Revison Trends,C751,6,D751,"FY2 consensus EPS change vs 3mo ago                  1.9%  -> C (5.5)   band: >= -2.0% | Revision breadth (share up)                         83.3%  -> A (9.5)   band: >= 70.0% | EPS beats, last 8Q                                      3  -> D (3.5)   band: >= 2",high,auto,5.85,58.5
NVO,58,B: Durable Compounder,Industry/Sector Tailwinds,C752,8,D752,Peer-median fwd revenue growth                       5.6%  -> B (7.5)   band: >= 5.0%,low,auto,5.85,58.5
OKE,59,B: Durable Compounder,Valuation,C756,5,D756,FCF yield                                            4.7%  -> B (7.5)   band: >= 4.0% | Fwd P/E vs own 5-yr median                         -12.5%  -> D (3.5)   band: >= -30.0% | Fwd TEV/EBITDA vs peer median                        8.0%  -> C (5.5)   band: >= -10.0% | PEG                                                  2.07  -> D (3.5)   band: <= 2.50,high,auto,4.35,43.5
OKE,59,B: Durable Compounder,Growth,C757,6,D757,Fwd revenue growth                                  -4.5%  -> F (1.5)   band: < 0.0% | Fwd EPS growth                                       7.6%  -> C (5.5)   band: >= 5.0% | 3-yr gross margin trend (bps)                     +879bps  -> A (9.5)   band: >= +100bps,high,auto,4.35,43.5
OKE,59,B: Durable Compounder,Profitability,C758,4,D758,ROIC 3-yr average                                    8.7%  -> D (3.5)   band: >= 4.0% | ROIC persistence (share of yrs >12%)                 0.0%  -> F (1.5)   band: < 20.0% | Gross margin vs peer set                            25.0%  -> D (3.5)   band: >= 25.0% | Return on equity                                    16.3%  -> B (7.5)   band: >= 15.0%,high,auto,4.35,43.5
OKE,59,B: Durable Compounder,Financials,C759,3,D759,Net debt / EBITDA                                   4.27x  -> F (1.5)   band: > 4.00x | EBIT / interest expense                             3.69x  -> D (3.5)   band: >= 2.00x | FCF / net income (3-yr)                             89.6%  -> B (7.5)   band: >= 85.0% | Diluted share count 3-yr CAGR                       11.8%  -> F (1.5)   band: > 6.0%,high,auto,4.35,43.5
OKE,59,B: Durable Compounder,Business Quality,C760,2,D760,"ROIC persistence (share of yrs >12%)                 0.0%  -> F (1.5)   band: < 20.0% | Gross margin stability (band, bps)               +1623bps  -> F (1.5)   band: > +1500bps",medium,tier3,4.35,43.5
OKE,59,B: Durable Compounder,Management,C761,6,D761,"SBC as % of revenue                                  0.1%  -> A (9.5)   band: <= 5.0% | EPS beats, last 8Q                                      3  -> D (3.5)   band: >= 2 | Insider net open-market activity                        0  -> C (5.5)   band: >= -0.50",high,auto,4.35,43.5
OKE,59,B: Durable Compounder,Income,C762,4,D762,Revenue change in weakest year shown               -21.0%  -> D (3.5)   band: >= -35.0%,low,tier3,4.35,43.5
OKE,59,B: Durable Compounder,Market Sentiment,C763,6,D763,Short interest % of float                            5.3%  -> C (5.5)   band: <= 8.0% | Institutional ownership trend                           0  -> C (5.5)   band: >= -0.50 | Insider net open-market activity (6mo)                  0  -> C (5.5)   band: >= -0.50,high,auto,4.35,43.5
OKE,59,B: Durable Compounder,EPS/Revison Trends,C764,6,D764,"FY2 consensus EPS change vs 3mo ago                  0.3%  -> C (5.5)   band: >= -2.0% | Revision breadth (share up)                         73.3%  -> A (9.5)   band: >= 70.0% | EPS beats, last 8Q                                      3  -> D (3.5)   band: >= 2",high,auto,4.35,43.5
OKE,59,B: Durable Compounder,Industry/Sector Tailwinds,C765,6,D765,Peer-median fwd revenue growth                       3.5%  -> C (5.5)   band: >= 0.0%,low,auto,4.35,43.5
ONDS,60,C: High Growth,Valuation,C769,2,D769,FCF yield                                           -1.7%  -> F (1.5)   band: < 1.0%,low,auto,3.2,32.0
ONDS,60,C: High Growth,Growth,C770,4,D770,Fwd revenue growth (high-growth bands)              87.7%  -> A (9.5)   band: >= 40.0% | Rule of 40 (growth% + FCF margin%)                  -2.05  -> F (1.5)   band: < 10 | Gross margin                                        39.7%  -> D (3.5)   band: >= 35.0%,high,auto,3.2,32.0
ONDS,60,C: High Growth,Profitability,C771,3,D771,ROIC 3-yr average                                  -79.0%  -> F (1.5)   band: < 4.0% | ROIC persistence (share of yrs >12%)                 0.0%  -> F (1.5)   band: < 20.0% | Gross margin vs peer set                            37.5%  -> D (3.5)   band: >= 25.0% | Return on equity                                    19.3%  -> C (5.5)   band: >= 15.0%  [notched B->C: debt_to_equity is not None and debt_to_equity > 2.0],high,auto,3.2,32.0
ONDS,60,C: High Growth,Financials,C772,4,D772,Cash runway (yrs) -- dominant when FCF-negative          6.35y  -> B (7.5)   band: >= 4.00y | Net debt / EBITDA                                   2.96x  -> D (3.5)   band: <= 4.00x | Diluted share count 3-yr CAGR                       73.8%  -> F (1.5)   band: > 6.0%,high,auto,3.2,32.0
ONDS,60,C: High Growth,Business Quality,C773,2,D773,"ROIC persistence (share of yrs >12%)                 0.0%  -> F (1.5)   band: < 20.0% | Gross margin stability (band, bps)               +4738bps  -> F (1.5)   band: > +1500bps",medium,tier3,3.2,32.0
ONDS,60,C: High Growth,Management,C774,2,D774,"SBC as % of revenue                                 35.3%  -> F (1.5)   band: > 15.0% | EPS beats, last 8Q                                      2  -> D (3.5)   band: >= 2 | Insider net open-market activity                       -2  -> F (1.5)   band: < -1.50",high,auto,3.2,32.0
ONDS,60,C: High Growth,Income,C775,2,D775,Revenue change in weakest year shown               -54.2%  -> F (1.5)   band: < -35.0%,low,tier3,3.2,32.0
ONDS,60,C: High Growth,Market Sentiment,C776,2,D776,Short interest % of float                           41.5%  -> F (1.5)   band: > 15.0% | Institutional ownership trend                           1  -> A (9.5)   band: >= 0.50 | Insider net open-market activity (6mo)                 -2  -> F (1.5)   band: < -1.50,high,auto,3.2,32.0
ONDS,60,C: High Growth,EPS/Revison Trends,C777,6,D777,"FY2 consensus EPS change vs 3mo ago                 71.4%  -> A (9.5)   band: >= 5.0% | Revision breadth (share up)                        100.0%  -> A (9.5)   band: >= 70.0% | EPS beats, last 8Q                                      2  -> D (3.5)   band: >= 2",high,auto,3.2,32.0
ONDS,60,C: High Growth,Industry/Sector Tailwinds,C778,8,D778,Peer-median fwd revenue growth                       9.2%  -> B (7.5)   band: >= 5.0%,low,auto,3.2,32.0
ONTO,61,B: Durable Compounder,Valuation,C782,5,D782,FCF yield                                            1.3%  -> D (3.5)   band: >= 1.0% | Fwd P/E vs own 5-yr median                          76.2%  -> A (9.5)   band: >= 25.0% | Fwd TEV/EBITDA vs peer median                     -206.1%  -> F (1.5)   band: < -30.0% | PEG                                                  1.37  -> C (5.5)   band: <= 1.80,high,auto,6.45,64.5
ONTO,61,B: Durable Compounder,Growth,C783,10,D783,Fwd revenue growth                                  30.0%  -> A (9.5)   band: >= 15.0% | Fwd EPS growth                                      43.8%  -> A (9.5)   band: >= 20.0% | 3-yr gross margin trend (bps)                     -393bps  -> F (1.5)   band: < -200bps,high,auto,6.45,64.5
ONTO,61,B: Durable Compounder,Profitability,C784,4,D784,ROIC 3-yr average                                    8.2%  -> D (3.5)   band: >= 4.0% | ROIC persistence (share of yrs >12%)                25.0%  -> D (3.5)   band: >= 20.0% | Gross margin vs peer set                            87.5%  -> A (9.5)   band: >= 75.0% | Return on equity                                     6.8%  -> D (3.5)   band: >= 5.0%,high,auto,6.45,64.5
ONTO,61,B: Durable Compounder,Financials,C785,6,D785,Net debt / EBITDA                                  -1.09x  -> A (9.5)   band: <= 0.50x | EBIT / interest expense                           999.00x  -> A (9.5)   band: >= 12.00x | FCF / net income (3-yr)                            144.3%  -> A (9.5)   band: >= 100.0% | Diluted share count 3-yr CAGR                       -0.3%  -> A (9.5)   band: <= 0.0%,high,auto,6.45,64.5
ONTO,61,B: Durable Compounder,Business Quality,C786,6,D786,"ROIC persistence (share of yrs >12%)                25.0%  -> D (3.5)   band: >= 20.0% | Gross margin stability (band, bps)                +393bps  -> B (7.5)   band: <= +400bps",medium,tier3,6.45,64.5
ONTO,61,B: Durable Compounder,Management,C787,6,D787,"SBC as % of revenue                                  2.8%  -> A (9.5)   band: <= 5.0% | EPS beats, last 8Q                                      3  -> D (3.5)   band: >= 2 | Insider net open-market activity                        0  -> C (5.5)   band: >= -0.50",high,auto,6.45,64.5
ONTO,61,B: Durable Compounder,Income,C788,6,D788,Revenue change in weakest year shown               -18.8%  -> C (5.5)   band: >= -20.0%,low,tier3,6.45,64.5
ONTO,61,B: Durable Compounder,Market Sentiment,C789,6,D789,Short interest % of float                            6.9%  -> C (5.5)   band: <= 8.0% | Institutional ownership trend                           0  -> C (5.5)   band: >= -0.50 | Insider net open-market activity (6mo)                  0  -> C (5.5)   band: >= -0.50,high,auto,6.45,64.5
ONTO,61,B: Durable Compounder,EPS/Revison Trends,C790,10,D790,"FY2 consensus EPS change vs 3mo ago                 22.7%  -> A (9.5)   band: >= 5.0% | Revision breadth (share up)                        100.0%  -> A (9.5)   band: >= 70.0% | EPS beats, last 8Q                                      3  -> D (3.5)   band: >= 2",high,auto,6.45,64.5
ONTO,61,B: Durable Compounder,Industry/Sector Tailwinds,C791,10,D791,Peer-median fwd revenue growth                      11.9%  -> A (9.5)   band: >= 10.0%,low,auto,6.45,64.5
OXY,62,D: Cyclical / Commodity,Valuation,C795,7,D795,FCF yield                                            8.1%  -> A (9.5)   band: >= 6.0% | Fwd P/E vs own 5-yr median                         -10.2%  -> D (3.5)   band: >= -30.0% | Fwd TEV/EBITDA vs peer median                      -12.6%  -> D (3.5)   band: >= -30.0% | PEG                                                  0.83  -> A (9.5)   band: <= 1.00,high,auto,5.65,56.5
OXY,62,D: Cyclical / Commodity,Growth,C796,2,D796,Fwd revenue growth                                  -8.9%  -> F (1.5)   band: < 0.0% | Fwd EPS growth                                     -31.1%  -> F (1.5)   band: < 0.0% | 3-yr gross margin trend (bps)                    -1323bps  -> F (1.5)   band: < -200bps,high,auto,5.65,56.5
OXY,62,D: Cyclical / Commodity,Profitability,C797,4,D797,ROIC 3-yr average                                    5.6%  -> D (3.5)   band: >= 4.0% | ROIC persistence (share of yrs >12%)                25.0%  -> D (3.5)   band: >= 20.0% | Gross margin vs peer set                            37.5%  -> D (3.5)   band: >= 25.0% | Return on equity                                    10.6%  -> C (5.5)   band: >= 10.0%,high,auto,5.65,56.5
OXY,62,D: Cyclical / Commodity,Financials,C798,8,D798,Net debt / EBITDA                                   1.56x  -> C (5.5)   band: <= 2.50x | EBIT / interest expense                             6.41x  -> C (5.5)   band: >= 4.00x | FCF / net income (3-yr)                            157.7%  -> A (9.5)   band: >= 100.0% | Diluted share count 3-yr CAGR                       -0.1%  -> A (9.5)   band: <= 0.0%,high,auto,5.65,56.5
OXY,62,D: Cyclical / Commodity,Business Quality,C799,4,D799,"ROIC persistence (share of yrs >12%)                25.0%  -> D (3.5)   band: >= 20.0% | Gross margin stability (band, bps)               +1323bps  -> D (3.5)   band: <= +1500bps",medium,tier3,5.65,56.5
OXY,62,D: Cyclical / Commodity,Management,C800,8,D800,"EPS beats, last 8Q                                      4  -> C (5.5)   band: >= 4 | Insider net open-market activity                        2  -> A (9.5)   band: >= 1.50",medium,auto,5.65,56.5
OXY,62,D: Cyclical / Commodity,Income,C801,2,D801,Revenue change in weakest year shown               -36.8%  -> F (1.5)   band: < -35.0%,low,tier3,5.65,56.5
OXY,62,D: Cyclical / Commodity,Market Sentiment,C802,10,D802,Short interest % of float                            0.0%  -> A (9.5)   band: <= 2.0% | Institutional ownership trend                           1  -> A (9.5)   band: >= 0.50 | Insider net open-market activity (6mo)                  2  -> A (9.5)   band: >= 1.50,high,auto,5.65,56.5
OXY,62,D: Cyclical / Commodity,EPS/Revison Trends,C803,6,D803,"FY2 consensus EPS change vs 3mo ago                  7.3%  -> A (9.5)   band: >= 5.0% | Revision breadth (share up)                         37.5%  -> D (3.5)   band: >= 30.0% | EPS beats, last 8Q                                      4  -> C (5.5)   band: >= 4",medium,auto,5.65,56.5
OXY,62,D: Cyclical / Commodity,Industry/Sector Tailwinds,C804,2,D804,Peer-median fwd revenue growth                      -8.7%  -> F (1.5)   band: < -0.0%,low,auto,5.65,56.5
PL,63,C: High Growth,Valuation,C808,2,D808,FCF yield                                            0.5%  -> F (1.5)   band: < 1.0%,low,auto,5.25,52.5
PL,63,C: High Growth,Growth,C809,8,D809,Fwd revenue growth (high-growth bands)              30.9%  -> B (7.5)   band: >= 25.0% | Rule of 40 (growth% + FCF margin%)                  43.20  -> B (7.5)   band: >= 40 | Gross margin                                        56.1%  -> C (5.5)   band: >= 50.0%,high,auto,5.25,52.5
PL,63,C: High Growth,Profitability,C810,2,D810,ROIC 3-yr average                                  -40.6%  -> F (1.5)   band: < 4.0% | ROIC persistence (share of yrs >12%)                 0.0%  -> F (1.5)   band: < 20.0% | Gross margin vs peer set                            75.0%  -> A (9.5)   band: >= 75.0% | Return on equity                                   -84.0%  -> F (1.5)   band: < 5.0%,high,auto,5.25,52.5
PL,63,C: High Growth,Financials,C811,6,D811,Cash runway (yrs) -- dominant when FCF-negative   FCF-positive  -> A (9.5)   band: >= FCF-positive | Net debt / EBITDA                                  -4.51x  -> A (9.5)   band: <= 0.50x | Diluted share count 3-yr CAGR                        4.8%  -> D (3.5)   band: <= 6.0%,high,auto,5.25,52.5
PL,63,C: High Growth,Business Quality,C812,3,D812,"ROIC persistence (share of yrs >12%)                 0.0%  -> F (1.5)   band: < 20.0% | Gross margin stability (band, bps)                +803bps  -> D (3.5)   band: <= +1500bps",medium,tier3,5.25,52.5
PL,63,C: High Growth,Management,C813,2,D813,"SBC as % of revenue                                 17.6%  -> F (1.5)   band: > 15.0% | EPS beats, last 8Q                                      4  -> C (5.5)   band: >= 4 | Insider net open-market activity                       -2  -> F (1.5)   band: < -1.50",high,auto,5.25,52.5
PL,63,C: High Growth,Income,C814,10,D814,Revenue change in weakest year shown                10.7%  -> A (9.5)   band: >= 0.0%,low,tier3,5.25,52.5
PL,63,C: High Growth,Market Sentiment,C815,4,D815,Short interest % of float                            9.7%  -> D (3.5)   band: <= 15.0% | Institutional ownership trend                           0  -> C (5.5)   band: >= -0.50 | Insider net open-market activity (6mo)                 -2  -> F (1.5)   band: < -1.50,high,auto,5.25,52.5
PL,63,C: High Growth,EPS/Revison Trends,C816,8,D816,"FY2 consensus EPS change vs 3mo ago                114.8%  -> A (9.5)   band: >= 5.0% | Revision breadth (share up)                         66.7%  -> B (7.5)   band: >= 55.0% | EPS beats, last 8Q                                      4  -> C (5.5)   band: >= 4",medium,auto,5.25,52.5
PL,63,C: High Growth,Industry/Sector Tailwinds,C817,10,D817,Peer-median fwd revenue growth                      11.9%  -> A (9.5)   band: >= 10.0%,low,auto,5.25,52.5
PLTR,64,B: Durable Compounder,Valuation,C821,4,D821,FCF yield                                            0.8%  -> F (1.5)   band: < 1.0% | Fwd P/E vs own 5-yr median                         273.9%  -> A (9.5)   band: >= 25.0% | PEG                                                  2.34  -> D (3.5)   band: <= 2.50,high,auto,6.6,66.0
PLTR,64,B: Durable Compounder,Growth,C822,10,D822,Fwd revenue growth                                  48.7%  -> A (9.5)   band: >= 15.0% | Fwd EPS growth                                      44.4%  -> B (7.5)   band: >= 20.0%  [demoted to B: fwd_revenue_growth is not None and fwd_eps_growth is not None and fwd_eps_growth <= fwd_revenue_growth] | 3-yr gross margin trend (bps)                     +380bps  -> A (9.5)   band: >= +100bps,high,auto,6.6,66.0
PLTR,64,B: Durable Compounder,Profitability,C823,6,D823,ROIC 3-yr average                                   11.9%  -> C (5.5)   band: >= 9.0% | ROIC persistence (share of yrs >12%)                25.0%  -> D (3.5)   band: >= 20.0% | Gross margin vs peer set                           100.0%  -> A (9.5)   band: >= 75.0% | Return on equity                                    38.1%  -> C (5.5)   band: >= 20.0%  [demoted to B: debt_to_equity is not None and debt_to_equity >= 1.0; notched B->C: debt_to_equity is not None and debt_to_equity > 2.0],high,auto,6.6,66.0
PLTR,64,B: Durable Compounder,Financials,C824,6,D824,Net debt / EBITDA                                  -0.45x  -> A (9.5)   band: <= 0.50x | EBIT / interest expense                           999.00x  -> A (9.5)   band: >= 12.00x | FCF / net income (3-yr)                            171.5%  -> A (9.5)   band: >= 100.0% | Diluted share count 3-yr CAGR                        7.6%  -> F (1.5)   band: > 6.0%,high,auto,6.6,66.0
PLTR,64,B: Durable Compounder,Business Quality,C825,6,D825,"ROIC persistence (share of yrs >12%)                25.0%  -> D (3.5)   band: >= 20.0% | Gross margin stability (band, bps)                +380bps  -> B (7.5)   band: <= +400bps",medium,tier3,6.6,66.0
PLTR,64,B: Durable Compounder,Management,C826,4,D826,"SBC as % of revenue                                 13.6%  -> D (3.5)   band: <= 15.0% | EPS beats, last 8Q                                      4  -> C (5.5)   band: >= 4 | Insider net open-market activity                       -2  -> F (1.5)   band: < -1.50",high,auto,6.6,66.0
PLTR,64,B: Durable Compounder,Income,C827,10,D827,Revenue change in weakest year shown                16.7%  -> A (9.5)   band: >= 0.0%,low,tier3,6.6,66.0
PLTR,64,B: Durable Compounder,Market Sentiment,C828,6,D828,Short interest % of float                            3.2%  -> B (7.5)   band: <= 5.0% | Institutional ownership trend                           0  -> C (5.5)   band: >= -0.50 | Insider net open-market activity (6mo)                 -2  -> F (1.5)   band: < -1.50,high,auto,6.6,66.0
PLTR,64,B: Durable Compounder,EPS/Revison Trends,C829,10,D829,"FY2 consensus EPS change vs 3mo ago                 12.1%  -> A (9.5)   band: >= 5.0% | Revision breadth (share up)                        100.0%  -> A (9.5)   band: >= 70.0% | EPS beats, last 8Q                                      4  -> C (5.5)   band: >= 4",medium,auto,6.6,66.0
PLTR,64,B: Durable Compounder,Industry/Sector Tailwinds,C830,10,D830,Peer-median fwd revenue growth                      21.1%  -> A (9.5)   band: >= 10.0%,low,auto,6.6,66.0
POET,65,C: High Growth,Valuation,C834,2,D834,FCF yield                                           -2.3%  -> F (1.5)   band: < 1.0%,low,auto,3.25,32.5
POET,65,C: High Growth,Growth,C835,6,D835,Fwd revenue growth (high-growth bands)             894.7%  -> A (9.5)   band: >= 40.0% | Rule of 40 (growth% + FCF margin%)               -1594.22  -> F (1.5)   band: < 10,medium,auto,3.25,32.5
POET,65,C: High Growth,Profitability,C836,2,D836,ROIC 3-yr average                                 -341.5%  -> F (1.5)   band: < 4.0% | ROIC persistence (share of yrs >12%)                 0.0%  -> F (1.5)   band: < 20.0% | Gross margin vs peer set                           100.0%  -> A (9.5)   band: >= 75.0% | Return on equity                                   -16.9%  -> F (1.5)   band: < 5.0%,high,auto,3.25,32.5
POET,65,C: High Growth,Financials,C837,2,D837,Cash runway (yrs) -- dominant when FCF-negative          1.14y  -> F (1.5)   band: < 1.50y | Net debt / EBITDA                                   0.56x  -> B (7.5)   band: <= 1.50x | Diluted share count 3-yr CAGR                       36.4%  -> F (1.5)   band: > 6.0%,high,auto,3.25,32.5
POET,65,C: High Growth,Business Quality,C838,2,D838,ROIC persistence (share of yrs >12%)                 0.0%  -> F (1.5)   band: < 20.0%,low,tier3,3.25,32.5
POET,65,C: High Growth,Management,C839,2,D839,"SBC as % of revenue                                620.1%  -> F (1.5)   band: > 15.0% | EPS beats, last 8Q                                      0  -> F (1.5)   band: < 2 | Insider net open-market activity                       -2  -> F (1.5)   band: < -1.50",high,auto,3.25,32.5
POET,65,C: High Growth,Income,C840,2,D840,Revenue change in weakest year shown               -91.1%  -> F (1.5)   band: < -35.0%,low,tier3,3.25,32.5
POET,65,C: High Growth,Market Sentiment,C841,4,D841,Short interest % of float                           15.0%  -> D (3.5)   band: <= 15.0% | Institutional ownership trend                           1  -> A (9.5)   band: >= 0.50 | Insider net open-market activity (6mo)                 -2  -> F (1.5)   band: < -1.50,high,auto,3.25,32.5
POET,65,C: High Growth,EPS/Revison Trends,C842,2,D842,"FY2 consensus EPS change vs 3mo ago               -440.0%  -> F (1.5)   band: < -5.0% | Revision breadth (share up)                          0.0%  -> F (1.5)   band: < 30.0% | EPS beats, last 8Q                                      0  -> F (1.5)   band: < 2",high,auto,3.25,32.5
POET,65,C: High Growth,Industry/Sector Tailwinds,C843,10,D843,Peer-median fwd revenue growth                      35.7%  -> A (9.5)   band: >= 10.0%,low,auto,3.25,32.5
QBTS,66,C: High Growth,Valuation,C847,2,D847,FCF yield                                           -1.6%  -> F (1.5)   band: < 1.0%,low,auto,5.1,51.0
QBTS,66,C: High Growth,Growth,C848,10,D848,Fwd revenue growth (high-growth bands)              89.5%  -> A (9.5)   band: >= 40.0% | Rule of 40 (growth% + FCF margin%)                -874.34  -> F (1.5)   band: < 10 | Gross margin                                        82.6%  -> A (9.5)   band: >= 75.0%,high,auto,5.1,51.0
QBTS,66,C: High Growth,Profitability,C849,2,D849,ROIC 3-yr average                                 -529.1%  -> F (1.5)   band: < 4.0% | ROIC persistence (share of yrs >12%)                 0.0%  -> F (1.5)   band: < 20.0% | Gross margin vs peer set                           100.0%  -> A (9.5)   band: >= 75.0% | Return on equity                                   -28.0%  -> F (1.5)   band: < 5.0%  [notched F->F: debt_to_equity is not None and debt_to_equity > 2.0],high,auto,5.1,51.0
QBTS,66,C: High Growth,Financials,C850,4,D850,Cash runway (yrs) -- dominant when FCF-negative          5.31y  -> B (7.5)   band: >= 4.00y | Net debt / EBITDA                                   3.67x  -> D (3.5)   band: <= 4.00x | Diluted share count 3-yr CAGR                       39.0%  -> F (1.5)   band: > 6.0%,high,auto,5.1,51.0
QBTS,66,C: High Growth,Business Quality,C851,2,D851,"ROIC persistence (share of yrs >12%)                 0.0%  -> F (1.5)   band: < 20.0% | Gross margin stability (band, bps)               +2981bps  -> F (1.5)   band: > +1500bps",medium,tier3,5.1,51.0
QBTS,66,C: High Growth,Management,C852,2,D852,"SBC as % of revenue                                250.5%  -> F (1.5)   band: > 15.0% | EPS beats, last 8Q                                      2  -> D (3.5)   band: >= 2 | Insider net open-market activity                       -2  -> F (1.5)   band: < -1.50",high,auto,5.1,51.0
QBTS,66,C: High Growth,Income,C853,10,D853,Revenue change in weakest year shown                 0.8%  -> A (9.5)   band: >= 0.0%,low,tier3,5.1,51.0
QBTS,66,C: High Growth,Market Sentiment,C854,2,D854,Short interest % of float                           20.0%  -> F (1.5)   band: > 15.0% | Institutional ownership trend                           1  -> A (9.5)   band: >= 0.50 | Insider net open-market activity (6mo)                 -2  -> F (1.5)   band: < -1.50,high,auto,5.1,51.0
QBTS,66,C: High Growth,EPS/Revison Trends,C855,6,D855,"FY2 consensus EPS change vs 3mo ago                  0.5%  -> C (5.5)   band: >= -2.0% | Revision breadth (share up)                         83.3%  -> A (9.5)   band: >= 70.0% | EPS beats, last 8Q                                      2  -> D (3.5)   band: >= 2",medium,auto,5.1,51.0
QBTS,66,C: High Growth,Industry/Sector Tailwinds,C856,10,D856,Peer-median fwd revenue growth                      53.9%  -> A (9.5)   band: >= 10.0%,low,auto,5.1,51.0
QCOM,67,B: Durable Compounder,Valuation,C860,9,D860,FCF yield                                            6.2%  -> A (9.5)   band: >= 6.0% | Fwd P/E vs own 5-yr median                          10.9%  -> B (7.5)   band: >= 10.0% | Fwd TEV/EBITDA vs peer median                      -20.8%  -> D (3.5)   band: >= -30.0% | PEG                                                  0.71  -> A (9.5)   band: <= 1.00,high,auto,7.25,72.5
QCOM,67,B: Durable Compounder,Growth,C861,2,D861,Fwd revenue growth                                   4.3%  -> C (5.5)   band: >= 3.0% | Fwd EPS growth                                      -3.1%  -> F (1.5)   band: < 0.0% | 3-yr gross margin trend (bps)                     -241bps  -> F (1.5)   band: < -200bps,high,auto,7.25,72.5
QCOM,67,B: Durable Compounder,Profitability,C862,10,D862,ROIC 3-yr average                                   27.5%  -> A (9.5)   band: >= 20.0% | ROIC persistence (share of yrs >12%)               100.0%  -> A (9.5)   band: >= 80.0% | Gross margin vs peer set                            87.5%  -> A (9.5)   band: >= 75.0% | Return on equity                                    33.8%  -> A (9.5)   band: >= 20.0%,high,auto,7.25,72.5
QCOM,67,B: Durable Compounder,Financials,C863,10,D863,Net debt / EBITDA                                   0.77x  -> B (7.5)   band: <= 1.50x | EBIT / interest expense                            17.25x  -> A (9.5)   band: >= 12.00x | FCF / net income (3-yr)                            147.6%  -> A (9.5)   band: >= 100.0% | Diluted share count 3-yr CAGR                       -0.9%  -> A (9.5)   band: <= 0.0%,high,auto,7.25,72.5
QCOM,67,B: Durable Compounder,Business Quality,C864,9,D864,"ROIC persistence (share of yrs >12%)               100.0%  -> A (9.5)   band: >= 80.0% | Gross margin stability (band, bps)                +241bps  -> B (7.5)   band: <= +400bps",medium,tier3,7.25,72.5
QCOM,67,B: Durable Compounder,Management,C865,4,D865,"SBC as % of revenue                                  7.4%  -> B (7.5)   band: <= 8.0% | EPS beats, last 8Q                                      3  -> D (3.5)   band: >= 2 | Insider net open-market activity                       -2  -> F (1.5)   band: < -1.50",high,auto,7.25,72.5
QCOM,67,B: Durable Compounder,Income,C866,6,D866,Revenue change in weakest year shown               -19.0%  -> C (5.5)   band: >= -20.0%,low,tier3,7.25,72.5
QCOM,67,B: Durable Compounder,Market Sentiment,C867,6,D867,Short interest % of float                            3.7%  -> B (7.5)   band: <= 5.0% | Institutional ownership trend                           0  -> C (5.5)   band: >= -0.50 | Insider net open-market activity (6mo)                 -2  -> F (1.5)   band: < -1.50,high,auto,7.25,72.5
QCOM,67,B: Durable Compounder,EPS/Revison Trends,C868,4,D868,"FY2 consensus EPS change vs 3mo ago                 -4.1%  -> D (3.5)   band: >= -5.0% | Revision breadth (share up)                         10.3%  -> F (1.5)   band: < 30.0% | EPS beats, last 8Q                                      3  -> D (3.5)   band: >= 2",high,auto,7.25,72.5
QCOM,67,B: Durable Compounder,Industry/Sector Tailwinds,C869,10,D869,Peer-median fwd revenue growth                      20.5%  -> A (9.5)   band: >= 10.0%,low,auto,7.25,72.5
RCAT,68,C: High Growth,Valuation,C873,2,D873,FCF yield                                           -9.7%  -> F (1.5)   band: < 1.0%,low,auto,2.25,22.5
RCAT,68,C: High Growth,Growth,C874,2,D874,Fwd revenue growth (high-growth bands)              45.4%  -> A (9.5)   band: >= 40.0% | Rule of 40 (growth% + FCF margin%)                -175.02  -> F (1.5)   band: < 10 | Gross margin                                         3.1%  -> F (1.5)   band: < 35.0%,high,auto,2.25,22.5
RCAT,68,C: High Growth,Profitability,C875,2,D875,ROIC 3-yr average                                  -53.3%  -> F (1.5)   band: < 4.0% | ROIC persistence (share of yrs >12%)                 0.0%  -> F (1.5)   band: < 20.0% | Gross margin vs peer set                             0.0%  -> F (1.5)   band: < 25.0% | Return on equity                                   -34.4%  -> F (1.5)   band: < 5.0%  [notched F->F: debt_to_equity is not None and debt_to_equity > 2.0],high,auto,2.25,22.5
RCAT,68,C: High Growth,Financials,C876,2,D876,Cash runway (yrs) -- dominant when FCF-negative          1.06y  -> F (1.5)   band: < 1.50y | Net debt / EBITDA                                   1.44x  -> B (7.5)   band: <= 1.50x | Diluted share count 3-yr CAGR                       27.1%  -> F (1.5)   band: > 6.0%,high,auto,2.25,22.5
RCAT,68,C: High Growth,Business Quality,C877,2,D877,"ROIC persistence (share of yrs >12%)                 0.0%  -> F (1.5)   band: < 20.0% | Gross margin stability (band, bps)               +3869bps  -> F (1.5)   band: > +1500bps",medium,tier3,2.25,22.5
RCAT,68,C: High Growth,Management,C878,2,D878,"SBC as % of revenue                                 23.5%  -> F (1.5)   band: > 15.0% | EPS beats, last 8Q                                      0  -> F (1.5)   band: < 2 | Insider net open-market activity                       -2  -> F (1.5)   band: < -1.50",high,auto,2.25,22.5
RCAT,68,C: High Growth,Income,C879,4,D879,Revenue change in weakest year shown               -28.1%  -> D (3.5)   band: >= -35.0%,low,tier3,2.25,22.5
RCAT,68,C: High Growth,Market Sentiment,C880,2,D880,Short interest % of float                           23.2%  -> F (1.5)   band: > 15.0% | Institutional ownership trend                           1  -> A (9.5)   band: >= 0.50 | Insider net open-market activity (6mo)                 -2  -> F (1.5)   band: < -1.50,high,auto,2.25,22.5
RCAT,68,C: High Growth,EPS/Revison Trends,C881,2,D881,"FY2 consensus EPS change vs 3mo ago                -22.2%  -> F (1.5)   band: < -5.0% | EPS beats, last 8Q                                      0  -> F (1.5)   band: < 2",medium,auto,2.25,22.5
RCAT,68,C: High Growth,Industry/Sector Tailwinds,C882,8,D882,Peer-median fwd revenue growth                       8.2%  -> B (7.5)   band: >= 5.0%,low,auto,2.25,22.5
RDDT,69,B: Durable Compounder,Valuation,C886,6,D886,FCF yield                                            3.2%  -> C (5.5)   band: >= 2.5% | Fwd TEV/EBITDA vs peer median                     -470.8%  -> F (1.5)   band: < -30.0% | PEG                                                  1.06  -> B (7.5)   band: <= 1.30,high,auto,7.5,75.0
RDDT,69,B: Durable Compounder,Growth,C887,10,D887,Fwd revenue growth                                  31.4%  -> A (9.5)   band: >= 15.0% | Fwd EPS growth                                      30.6%  -> B (7.5)   band: >= 20.0%  [demoted to B: fwd_revenue_growth is not None and fwd_eps_growth is not None and fwd_eps_growth <= fwd_revenue_growth] | 3-yr gross margin trend (bps)                     +690bps  -> A (9.5)   band: >= +100bps,high,auto,7.5,75.0
RDDT,69,B: Durable Compounder,Profitability,C888,8,D888,ROIC 3-yr average                                   -6.5%  -> F (1.5)   band: < 4.0% | ROIC persistence (share of yrs >12%)                50.0%  -> C (5.5)   band: >= 40.0% | Gross margin vs peer set                            87.5%  -> A (9.5)   band: >= 75.0% | Return on equity                                    30.7%  -> A (9.5)   band: >= 20.0%,high,auto,7.5,75.0
RDDT,69,B: Durable Compounder,Financials,C889,10,D889,Net debt / EBITDA                                  -1.16x  -> A (9.5)   band: <= 0.50x | EBIT / interest expense                           999.00x  -> A (9.5)   band: >= 12.00x | Diluted share count 3-yr CAGR                       11.0%  -> F (1.5)   band: > 6.0%,high,auto,7.5,75.0
RDDT,69,B: Durable Compounder,Business Quality,C890,6,D890,"ROIC persistence (share of yrs >12%)                50.0%  -> C (5.5)   band: >= 40.0% | Gross margin stability (band, bps)                +690bps  -> C (5.5)   band: <= +800bps",medium,tier3,7.5,75.0
RDDT,69,B: Durable Compounder,Management,C891,4,D891,"SBC as % of revenue                                 12.2%  -> D (3.5)   band: <= 15.0% | EPS beats, last 8Q                                      4  -> C (5.5)   band: >= 4 | Insider net open-market activity                    -1.62  -> F (1.5)   band: < -1.50",high,auto,7.5,75.0
RDDT,69,B: Durable Compounder,Income,C892,10,D892,Revenue change in weakest year shown                20.6%  -> A (9.5)   band: >= 0.0%,low,tier3,7.5,75.0
RDDT,69,B: Durable Compounder,Market Sentiment,C893,4,D893,Short interest % of float                           13.2%  -> D (3.5)   band: <= 15.0% | Institutional ownership trend                           0  -> C (5.5)   band: >= -0.50 | Insider net open-market activity (6mo)              -1.62  -> F (1.5)   band: < -1.50,high,auto,7.5,75.0
RDDT,69,B: Durable Compounder,EPS/Revison Trends,C894,10,D894,"FY2 consensus EPS change vs 3mo ago                  8.8%  -> A (9.5)   band: >= 5.0% | Revision breadth (share up)                         90.5%  -> A (9.5)   band: >= 70.0% | EPS beats, last 8Q                                      4  -> C (5.5)   band: >= 4",medium,auto,7.5,75.0
RDDT,69,B: Durable Compounder,Industry/Sector Tailwinds,C895,8,D895,Peer-median fwd revenue growth                       8.8%  -> B (7.5)   band: >= 5.0%,low,auto,7.5,75.0
RGTI,70,C: High Growth,Valuation,C899,2,D899,FCF yield                                           -1.4%  -> F (1.5)   band: < 1.0%,low,auto,2.3,23.0
RGTI,70,C: High Growth,Growth,C900,2,D900,Fwd revenue growth (high-growth bands)              89.6%  -> A (9.5)   band: >= 40.0% | Rule of 40 (growth% + FCF margin%)                -566.34  -> F (1.5)   band: < 10 | Gross margin                                        29.1%  -> F (1.5)   band: < 35.0%,high,auto,2.3,23.0
RGTI,70,C: High Growth,Profitability,C901,2,D901,ROIC 3-yr average                                 -131.0%  -> F (1.5)   band: < 4.0% | ROIC persistence (share of yrs >12%)                 0.0%  -> F (1.5)   band: < 20.0% | Gross margin vs peer set                            62.5%  -> B (7.5)   band: >= 55.0% | Return on equity                                   -43.8%  -> F (1.5)   band: < 5.0%,high,auto,2.3,23.0
RGTI,70,C: High Growth,Financials,C902,2,D902,Cash runway (yrs) -- dominant when FCF-negative          0.51y  -> F (1.5)   band: < 1.50y | Net debt / EBITDA                                   0.43x  -> A (9.5)   band: <= 0.50x | Diluted share count 3-yr CAGR                       44.7%  -> F (1.5)   band: > 6.0%,high,auto,2.3,23.0
RGTI,70,C: High Growth,Business Quality,C903,2,D903,"ROIC persistence (share of yrs >12%)                 0.0%  -> F (1.5)   band: < 20.0% | Gross margin stability (band, bps)               +4895bps  -> F (1.5)   band: > +1500bps",medium,tier3,2.3,23.0
RGTI,70,C: High Growth,Management,C904,2,D904,"SBC as % of revenue                                170.7%  -> F (1.5)   band: > 15.0% | EPS beats, last 8Q                                      3  -> D (3.5)   band: >= 2 | Insider net open-market activity                       -2  -> F (1.5)   band: < -1.50",high,auto,2.3,23.0
RGTI,70,C: High Growth,Income,C905,4,D905,Revenue change in weakest year shown               -34.3%  -> D (3.5)   band: >= -35.0%,low,tier3,2.3,23.0
RGTI,70,C: High Growth,Market Sentiment,C906,2,D906,Short interest % of float                           19.1%  -> F (1.5)   band: > 15.0% | Institutional ownership trend                           1  -> A (9.5)   band: >= 0.50 | Insider net open-market activity (6mo)                 -2  -> F (1.5)   band: < -1.50,high,auto,2.3,23.0
RGTI,70,C: High Growth,EPS/Revison Trends,C907,2,D907,"FY2 consensus EPS change vs 3mo ago                -13.7%  -> F (1.5)   band: < -5.0% | Revision breadth (share up)                         25.0%  -> F (1.5)   band: < 30.0% | EPS beats, last 8Q                                      3  -> D (3.5)   band: >= 2",medium,auto,2.3,23.0
RGTI,70,C: High Growth,Industry/Sector Tailwinds,C908,10,D908,Peer-median fwd revenue growth                      16.6%  -> A (9.5)   band: >= 10.0%,low,auto,2.3,23.0
RKLB,71,C: High Growth,Valuation,C912,2,D912,FCF yield                                           -0.7%  -> F (1.5)   band: < 1.0%,low,auto,3.3,33.0
RKLB,71,C: High Growth,Growth,C913,2,D913,Fwd revenue growth (high-growth bands)              42.2%  -> A (9.5)   band: >= 40.0% | Rule of 40 (growth% + FCF margin%)                  -6.09  -> F (1.5)   band: < 10 | Gross margin                                        34.4%  -> F (1.5)   band: < 35.0%,high,auto,3.3,33.0
RKLB,71,C: High Growth,Profitability,C914,2,D914,ROIC 3-yr average                                  -23.9%  -> F (1.5)   band: < 4.0% | ROIC persistence (share of yrs >12%)                 0.0%  -> F (1.5)   band: < 20.0% | Gross margin vs peer set                           100.0%  -> A (9.5)   band: >= 75.0% | Return on equity                                    -7.9%  -> F (1.5)   band: < 5.0%  [notched F->F: debt_to_equity is not None and debt_to_equity > 2.0],high,auto,3.3,33.0
RKLB,71,C: High Growth,Financials,C915,4,D915,Cash runway (yrs) -- dominant when FCF-negative          2.23y  -> D (3.5)   band: >= 1.50y | Net debt / EBITDA                                   3.82x  -> D (3.5)   band: <= 4.00x | Diluted share count 3-yr CAGR                        4.4%  -> D (3.5)   band: <= 6.0%,high,auto,3.3,33.0
RKLB,71,C: High Growth,Business Quality,C916,2,D916,"ROIC persistence (share of yrs >12%)                 0.0%  -> F (1.5)   band: < 20.0% | Gross margin stability (band, bps)               +2543bps  -> F (1.5)   band: > +1500bps",medium,tier3,3.3,33.0
RKLB,71,C: High Growth,Management,C917,4,D917,"SBC as % of revenue                                 10.6%  -> C (5.5)   band: <= 12.0% | EPS beats, last 8Q                                      2  -> D (3.5)   band: >= 2 | Insider net open-market activity                       -2  -> F (1.5)   band: < -1.50",high,auto,3.3,33.0
RKLB,71,C: High Growth,Income,C918,10,D918,Revenue change in weakest year shown                15.9%  -> A (9.5)   band: >= 0.0%,low,tier3,3.3,33.0
RKLB,71,C: High Growth,Market Sentiment,C919,6,D919,Short interest % of float                            7.7%  -> C (5.5)   band: <= 8.0% | Institutional ownership trend                           1  -> A (9.5)   band: >= 0.50 | Insider net open-market activity (6mo)                 -2  -> F (1.5)   band: < -1.50,high,auto,3.3,33.0
RKLB,71,C: High Growth,EPS/Revison Trends,C920,4,D920,"FY2 consensus EPS change vs 3mo ago                -78.2%  -> F (1.5)   band: < -5.0% | Revision breadth (share up)                         66.7%  -> B (7.5)   band: >= 55.0% | EPS beats, last 8Q                                      2  -> D (3.5)   band: >= 2",medium,auto,3.3,33.0
RKLB,71,C: High Growth,Industry/Sector Tailwinds,C921,10,D921,Peer-median fwd revenue growth                      10.6%  -> A (9.5)   band: >= 10.0%,low,auto,3.3,33.0
RTX,72,B: Durable Compounder,Valuation,C925,7,D925,FCF yield                                            3.7%  -> C (5.5)   band: >= 2.5% | Fwd P/E vs own 5-yr median                          18.9%  -> B (7.5)   band: >= 10.0% | Fwd TEV/EBITDA vs peer median                       31.9%  -> A (9.5)   band: >= 25.0% | PEG                                                  2.77  -> F (1.5)   band: > 2.50,high,auto,6.05,60.5
RTX,72,B: Durable Compounder,Growth,C926,6,D926,Fwd revenue growth                                   7.2%  -> C (5.5)   band: >= 3.0% | Fwd EPS growth                                       8.4%  -> C (5.5)   band: >= 5.0% | 3-yr gross margin trend (bps)                      -30bps  -> D (3.5)   band: >= -200bps,high,auto,6.05,60.5
RTX,72,B: Durable Compounder,Profitability,C927,4,D927,ROIC 3-yr average                                    6.8%  -> D (3.5)   band: >= 4.0% | ROIC persistence (share of yrs >12%)                 0.0%  -> F (1.5)   band: < 20.0% | Gross margin vs peer set                            37.5%  -> D (3.5)   band: >= 25.0% | Return on equity                                    12.3%  -> C (5.5)   band: >= 10.0%,high,auto,6.05,60.5
RTX,72,B: Durable Compounder,Financials,C928,6,D928,Net debt / EBITDA                                   2.02x  -> C (5.5)   band: <= 2.50x | EBIT / interest expense                             6.93x  -> C (5.5)   band: >= 4.00x | FCF / net income (3-yr)                            109.4%  -> A (9.5)   band: >= 100.0% | Diluted share count 3-yr CAGR                       -3.0%  -> A (9.5)   band: <= 0.0%,high,auto,6.05,60.5
RTX,72,B: Durable Compounder,Business Quality,C929,5,D929,"ROIC persistence (share of yrs >12%)                 0.0%  -> F (1.5)   band: < 20.0% | Gross margin stability (band, bps)                +284bps  -> B (7.5)   band: <= +400bps",medium,tier3,6.05,60.5
RTX,72,B: Durable Compounder,Management,C930,6,D930,"SBC as % of revenue                                  1.3%  -> A (9.5)   band: <= 5.0% | EPS beats, last 8Q                                      4  -> C (5.5)   band: >= 4 | Insider net open-market activity                       -2  -> F (1.5)   band: < -1.50",high,auto,6.05,60.5
RTX,72,B: Durable Compounder,Income,C931,10,D931,Revenue change in weakest year shown                 2.8%  -> A (9.5)   band: >= 0.0%,low,tier3,6.05,60.5
RTX,72,B: Durable Compounder,Market Sentiment,C932,6,D932,Short interest % of float                            1.3%  -> A (9.5)   band: <= 2.0% | Institutional ownership trend                           0  -> C (5.5)   band: >= -0.50 | Insider net open-market activity (6mo)                 -2  -> F (1.5)   band: < -1.50,high,auto,6.05,60.5
RTX,72,B: Durable Compounder,EPS/Revison Trends,C933,8,D933,"FY2 consensus EPS change vs 3mo ago                  4.0%  -> B (7.5)   band: >= 2.0% | Revision breadth (share up)                        100.0%  -> A (9.5)   band: >= 70.0% | EPS beats, last 8Q                                      4  -> C (5.5)   band: >= 4",high,auto,6.05,60.5
RTX,72,B: Durable Compounder,Industry/Sector Tailwinds,C934,10,D934,Peer-median fwd revenue growth                      10.7%  -> A (9.5)   band: >= 10.0%,low,auto,6.05,60.5
SANM,73,B: Durable Compounder,Valuation,C938,9,D938,FCF yield                                            5.5%  -> B (7.5)   band: >= 4.0% | Fwd P/E vs own 5-yr median                           2.3%  -> C (5.5)   band: >= -10.0% | Fwd TEV/EBITDA vs peer median                       32.1%  -> A (9.5)   band: >= 25.0% | PEG                                                  0.72  -> A (9.5)   band: <= 1.00,high,auto,7.9,79.0
SANM,73,B: Durable Compounder,Growth,C939,8,D939,Fwd revenue growth                                  16.0%  -> A (9.5)   band: >= 15.0% | Fwd EPS growth                                      15.0%  -> B (7.5)   band: >= 10.0% | 3-yr gross margin trend (bps)                      +96bps  -> B (7.5)   band: >= +0bps,high,auto,7.9,79.0
SANM,73,B: Durable Compounder,Profitability,C940,7,D940,ROIC 3-yr average                                   16.5%  -> B (7.5)   band: >= 13.0% | ROIC persistence (share of yrs >12%)               100.0%  -> A (9.5)   band: >= 80.0% | Gross margin vs peer set                             0.0%  -> F (1.5)   band: < 25.0% | Return on equity                                    12.5%  -> C (5.5)   band: >= 10.0%,high,auto,7.9,79.0
SANM,73,B: Durable Compounder,Financials,C941,6,D941,Net debt / EBITDA                                  -0.72x  -> A (9.5)   band: <= 0.50x | EBIT / interest expense                             5.84x  -> C (5.5)   band: >= 4.00x | FCF / net income (3-yr)                             95.8%  -> B (7.5)   band: >= 85.0% | Diluted share count 3-yr CAGR                       -4.4%  -> A (9.5)   band: <= 0.0%,high,auto,7.9,79.0
SANM,73,B: Durable Compounder,Business Quality,C942,10,D942,"ROIC persistence (share of yrs >12%)               100.0%  -> A (9.5)   band: >= 80.0% | Gross margin stability (band, bps)                 +96bps  -> A (9.5)   band: <= +200bps",medium,tier3,7.9,79.0
SANM,73,B: Durable Compounder,Management,C943,6,D943,"SBC as % of revenue                                  0.7%  -> A (9.5)   band: <= 5.0% | EPS beats, last 8Q                                      4  -> C (5.5)   band: >= 4 | Insider net open-market activity                       -2  -> F (1.5)   band: < -1.50",high,auto,7.9,79.0
SANM,73,B: Durable Compounder,Income,C944,6,D944,Revenue change in weakest year shown               -15.3%  -> C (5.5)   band: >= -20.0%,low,tier3,7.9,79.0
SANM,73,B: Durable Compounder,Market Sentiment,C945,2,D945,Short interest % of float                            5.0%  -> B (7.5)   band: <= 5.0% | Institutional ownership trend                          -1  -> F (1.5)   band: < -0.90 | Insider net open-market activity (6mo)                 -2  -> F (1.5)   band: < -1.50,high,auto,7.9,79.0
SANM,73,B: Durable Compounder,EPS/Revison Trends,C946,10,D946,"FY2 consensus EPS change vs 3mo ago                  6.9%  -> A (9.5)   band: >= 5.0% | Revision breadth (share up)                         80.0%  -> A (9.5)   band: >= 70.0% | EPS beats, last 8Q                                      4  -> C (5.5)   band: >= 4",high,auto,7.9,79.0
SANM,73,B: Durable Compounder,Industry/Sector Tailwinds,C947,10,D947,Peer-median fwd revenue growth                      15.6%  -> A (9.5)   band: >= 10.0%,low,auto,7.9,79.0
SLS,74,E: Early Biotech,Valuation,C951,2,D951,FCF yield                                           -1.1%  -> F (1.5)   band: < 1.0%,low,auto,4.65,46.5
SLS,74,E: Early Biotech,Growth,C952,4,D952,Fwd revenue growth                                   0.0%  -> D (3.5)   band: >= 0.0%,low,auto,4.65,46.5
SLS,74,E: Early Biotech,Profitability,C953,2,D953,ROIC 3-yr average                               -28274.0%  -> F (1.5)   band: < 4.0% | ROIC persistence (share of yrs >12%)                 0.0%  -> F (1.5)   band: < 20.0% | Return on equity                                   -39.6%  -> F (1.5)   band: < 5.0%,high,auto,4.65,46.5
SLS,74,E: Early Biotech,Financials,C954,6,D954,Cash runway (yrs) -- dominant when FCF-negative          2.55y  -> C (5.5)   band: >= 2.50y | Net debt / EBITDA                                   2.25x  -> C (5.5)   band: <= 2.50x | Diluted share count 3-yr CAGR                       77.8%  -> F (1.5)   band: > 6.0%,high,auto,4.65,46.5
SLS,74,E: Early Biotech,Business Quality,C955,2,D955,ROIC persistence (share of yrs >12%)                 0.0%  -> F (1.5)   band: < 20.0%,low,tier3,4.65,46.5
SLS,74,E: Early Biotech,Management,C956,5,D956,"EPS beats, last 8Q                                      3  -> D (3.5)   band: >= 2 | Insider net open-market activity                        0  -> C (5.5)   band: >= -0.50",medium,auto,4.65,46.5
SLS,74,E: Early Biotech,Income,C957,2,D957,Revenue change in weakest year shown              -100.0%  -> F (1.5)   band: < -35.0%,low,tier3,4.65,46.5
SLS,74,E: Early Biotech,Market Sentiment,C958,6,D958,Short interest % of float                           28.1%  -> F (1.5)   band: > 15.0% | Institutional ownership trend                           1  -> A (9.5)   band: >= 0.50 | Insider net open-market activity (6mo)                  0  -> C (5.5)   band: >= -0.50,high,auto,4.65,46.5
SLS,74,E: Early Biotech,EPS/Revison Trends,C959,10,D959,"FY2 consensus EPS change vs 3mo ago                 33.3%  -> A (9.5)   band: >= 5.0% | Revision breadth (share up)                        100.0%  -> A (9.5)   band: >= 70.0% | EPS beats, last 8Q                                      3  -> D (3.5)   band: >= 2",medium,auto,4.65,46.5
SLS,74,E: Early Biotech,Industry/Sector Tailwinds,C960,10,D960,Peer-median fwd revenue growth                      10.2%  -> A (9.5)   band: >= 10.0%,low,auto,4.65,46.5
SNDK,75,D: Cyclical / Commodity,Valuation,C964,10,D964,FCF yield                                            4.7%  -> B (7.5)   band: >= 4.0% | Fwd TEV/EBITDA vs peer median                       33.3%  -> A (9.5)   band: >= 25.0% | PEG                                                  0.27  -> A (9.5)   band: <= 1.00,high,auto,8.4,84.0
SNDK,75,D: Cyclical / Commodity,Growth,C965,10,D965,Fwd revenue growth                                  17.9%  -> A (9.5)   band: >= 15.0% | Fwd EPS growth                                      23.0%  -> A (9.5)   band: >= 20.0%,medium,auto,8.4,84.0
SNDK,75,D: Cyclical / Commodity,Profitability,C966,4,D966,ROIC 3-yr average                                   -9.2%  -> F (1.5)   band: < 4.0% | ROIC persistence (share of yrs >12%)                 0.0%  -> F (1.5)   band: < 20.0% | Gross margin vs peer set                            50.0%  -> C (5.5)   band: >= 45.0% | Return on equity                                    91.6%  -> A (9.5)   band: >= 20.0%,high,auto,8.4,84.0
SNDK,75,D: Cyclical / Commodity,Financials,C967,10,D967,Net debt / EBITDA                                   0.04x  -> A (9.5)   band: <= 0.50x | EBIT / interest expense                           179.32x  -> A (9.5)   band: >= 12.00x,medium,auto,8.4,84.0
SNDK,75,D: Cyclical / Commodity,Business Quality,C968,2,D968,"ROIC persistence (share of yrs >12%)                 0.0%  -> F (1.5)   band: < 20.0% | Gross margin stability (band, bps)               +2301bps  -> F (1.5)   band: > +1500bps",medium,tier3,8.4,84.0
SNDK,75,D: Cyclical / Commodity,Management,C969,6,D969,"SBC as % of revenue                                  1.1%  -> A (9.5)   band: <= 5.0% | EPS beats, last 8Q                                      4  -> C (5.5)   band: >= 4 | Insider net open-market activity                       -2  -> F (1.5)   band: < -1.50",high,auto,8.4,84.0
SNDK,75,D: Cyclical / Commodity,Income,C970,10,D970,Revenue change in weakest year shown                 9.5%  -> A (9.5)   band: >= 0.0%,low,tier3,8.4,84.0
SNDK,75,D: Cyclical / Commodity,Market Sentiment,C971,6,D971,Short interest % of float                            7.4%  -> C (5.5)   band: <= 8.0% | Institutional ownership trend                           0  -> C (5.5)   band: >= -0.50 | Insider net open-market activity (6mo)                 -2  -> F (1.5)   band: < -1.50,high,auto,8.4,84.0
SNDK,75,D: Cyclical / Commodity,EPS/Revison Trends,C972,10,D972,"FY2 consensus EPS change vs 3mo ago                 53.6%  -> A (9.5)   band: >= 5.0% | Revision breadth (share up)                         80.0%  -> A (9.5)   band: >= 70.0% | EPS beats, last 8Q                                      4  -> C (5.5)   band: >= 4",medium,auto,8.4,84.0
SNDK,75,D: Cyclical / Commodity,Industry/Sector Tailwinds,C973,10,D973,Peer-median fwd revenue growth                      24.7%  -> A (9.5)   band: >= 10.0%,low,auto,8.4,84.0
SOFI,76,F: Financial Institution,Valuation,C977,6,D977,FCF yield                                          -37.6%  -> F (1.5)   band: < 1.0% | PEG                                                  0.88  -> A (9.5)   band: <= 1.00,medium,auto,4.94,49.400000000000006
SOFI,76,F: Financial Institution,Growth,C978,10,D978,Fwd revenue growth                                  22.9%  -> A (9.5)   band: >= 15.0% | Fwd EPS growth                                      37.9%  -> A (9.5)   band: >= 20.0%,medium,auto,4.94,49.400000000000006
SOFI,76,F: Financial Institution,Profitability,C979,4,D979,Return on equity (financials bands)                  7.1%  -> D (3.5)   band: >= 6.0%,low,auto,4.94,49.400000000000006
SOFI,76,F: Financial Institution,Financials,C980,2,D980,Diluted share count 3-yr CAGR                       11.6%  -> F (1.5)   band: > 6.0%,low,auto,4.94,49.400000000000006
SOFI,76,F: Financial Institution,Business Quality,C981,,D981,,none,tier3,4.94,49.400000000000006
SOFI,76,F: Financial Institution,Management,C982,4,D982,"SBC as % of revenue                                  6.6%  -> B (7.5)   band: <= 8.0% | EPS beats, last 8Q                                      3  -> D (3.5)   band: >= 2 | Insider net open-market activity                    -0.68  -> D (3.5)   band: >= -1.50",high,auto,4.94,49.400000000000006
SOFI,76,F: Financial Institution,Income,C983,10,D983,Revenue change in weakest year shown                23.9%  -> A (9.5)   band: >= 0.0%,low,tier3,4.94,49.400000000000006
SOFI,76,F: Financial Institution,Market Sentiment,C984,4,D984,Short interest % of float                           15.0%  -> D (3.5)   band: <= 15.0% | Institutional ownership trend                           0  -> C (5.5)   band: >= -0.50 | Insider net open-market activity (6mo)              -0.68  -> D (3.5)   band: >= -1.50,high,auto,4.94,49.400000000000006
SOFI,76,F: Financial Institution,EPS/Revison Trends,C985,8,D985,"FY2 consensus EPS change vs 3mo ago                  4.9%  -> B (7.5)   band: >= 2.0% | Revision breadth (share up)                         71.4%  -> A (9.5)   band: >= 70.0% | EPS beats, last 8Q                                      3  -> D (3.5)   band: >= 2",high,auto,4.94,49.400000000000006
SOFI,76,F: Financial Institution,Industry/Sector Tailwinds,C986,8,D986,Peer-median fwd revenue growth                       6.3%  -> B (7.5)   band: >= 5.0%,low,auto,4.94,49.400000000000006
STX,77,D: Cyclical / Commodity,Valuation,C990,7,D990,FCF yield                                            1.5%  -> D (3.5)   band: >= 1.0% | Fwd P/E vs own 5-yr median                         275.0%  -> A (9.5)   band: >= 25.0% | Fwd TEV/EBITDA vs peer median                     -114.7%  -> F (1.5)   band: < -30.0% | PEG                                                  0.56  -> A (9.5)   band: <= 1.00,high,auto,7.5,75.0
STX,77,D: Cyclical / Commodity,Growth,C991,10,D991,Fwd revenue growth                                  33.7%  -> A (9.5)   band: >= 15.0% | Fwd EPS growth                                      54.8%  -> A (9.5)   band: >= 20.0% | 3-yr gross margin trend (bps)                    +2728bps  -> A (9.5)   band: >= +100bps,high,auto,7.5,75.0
STX,77,D: Cyclical / Commodity,Profitability,C992,8,D992,ROIC 3-yr average                                   48.3%  -> A (9.5)   band: >= 20.0% | ROIC persistence (share of yrs >12%)                75.0%  -> B (7.5)   band: >= 60.0% | Gross margin vs peer set                            42.9%  -> D (3.5)   band: >= 25.0% | Return on equity                                   371.5%  -> B (7.5)   band: >= 20.0%  [demoted to B: debt_to_equity is not None and debt_to_equity >= 1.0],high,auto,7.5,75.0
STX,77,D: Cyclical / Commodity,Financials,C993,6,D993,Net debt / EBITDA                                   0.48x  -> A (9.5)   band: <= 0.50x | EBIT / interest expense                            13.99x  -> A (9.5)   band: >= 12.00x | FCF / net income (3-yr)                             92.0%  -> B (7.5)   band: >= 85.0% | Diluted share count 3-yr CAGR                        3.4%  -> D (3.5)   band: <= 6.0%,high,auto,7.5,75.0
STX,77,D: Cyclical / Commodity,Business Quality,C994,5,D994,"ROIC persistence (share of yrs >12%)                75.0%  -> B (7.5)   band: >= 60.0% | Gross margin stability (band, bps)               +2728bps  -> F (1.5)   band: > +1500bps",medium,tier3,7.5,75.0
STX,77,D: Cyclical / Commodity,Management,C995,6,D995,"SBC as % of revenue                                  1.7%  -> A (9.5)   band: <= 5.0% | EPS beats, last 8Q                                      4  -> C (5.5)   band: >= 4 | Insider net open-market activity                       -2  -> F (1.5)   band: < -1.50",high,auto,7.5,75.0
STX,77,D: Cyclical / Commodity,Income,C996,6,D996,Revenue change in weakest year shown               -11.3%  -> C (5.5)   band: >= -20.0%,low,tier3,7.5,75.0
STX,77,D: Cyclical / Commodity,Market Sentiment,C997,6,D997,Short interest % of float                            4.1%  -> B (7.5)   band: <= 5.0% | Institutional ownership trend                           0  -> C (5.5)   band: >= -0.50 | Insider net open-market activity (6mo)                 -2  -> F (1.5)   band: < -1.50,high,auto,7.5,75.0
STX,77,D: Cyclical / Commodity,EPS/Revison Trends,C998,10,D998,"FY2 consensus EPS change vs 3mo ago                 42.3%  -> A (9.5)   band: >= 5.0% | Revision breadth (share up)                        100.0%  -> A (9.5)   band: >= 70.0% | EPS beats, last 8Q                                      4  -> C (5.5)   band: >= 4",medium,auto,7.5,75.0
STX,77,D: Cyclical / Commodity,Industry/Sector Tailwinds,C999,10,D999,Peer-median fwd revenue growth                      17.9%  -> A (9.5)   band: >= 10.0%,low,auto,7.5,75.0
TAYD,78,B: Durable Compounder,Valuation,C1003,,D1003,,none,auto,7.07,70.7
TAYD,78,B: Durable Compounder,Growth,C1004,10,D1004,3-yr gross margin trend (bps)                     +409bps  -> A (9.5)   band: >= +100bps,low,auto,7.07,70.7
TAYD,78,B: Durable Compounder,Profitability,C1005,6,D1005,ROIC 3-yr average                                   11.6%  -> C (5.5)   band: >= 9.0% | ROIC persistence (share of yrs >12%)                33.3%  -> D (3.5)   band: >= 20.0% | Return on equity                                    11.8%  -> C (5.5)   band: >= 10.0%,high,auto,7.07,70.7
TAYD,78,B: Durable Compounder,Financials,C1006,10,D1006,EBIT / interest expense                           999.00x  -> A (9.5)   band: >= 12.00x | FCF / net income (3-yr)                            124.6%  -> A (9.5)   band: >= 100.0% | Diluted share count 3-yr CAGR                        0.1%  -> B (7.5)   band: <= 1.0%,high,auto,7.07,70.7
TAYD,78,B: Durable Compounder,Business Quality,C1007,3,D1007,"ROIC persistence (share of yrs >12%)                33.3%  -> D (3.5)   band: >= 20.0% | Gross margin stability (band, bps)               +3264bps  -> F (1.5)   band: > +1500bps",medium,tier3,7.07,70.7
TAYD,78,B: Durable Compounder,Management,C1008,10,D1008,SBC as % of revenue                                  0.5%  -> A (9.5)   band: <= 5.0%,low,auto,7.07,70.7
TAYD,78,B: Durable Compounder,Income,C1009,6,D1009,Revenue change in weakest year shown               -10.0%  -> C (5.5)   band: >= -20.0%,low,tier3,7.07,70.7
TAYD,78,B: Durable Compounder,Market Sentiment,C1010,,D1010,,none,auto,7.07,70.7
TAYD,78,B: Durable Compounder,EPS/Revison Trends,C1011,,D1011,,none,auto,7.07,70.7
TAYD,78,B: Durable Compounder,Industry/Sector Tailwinds,C1012,,D1012,,none,auto,7.07,70.7
TEVA,79,B: Durable Compounder,Valuation,C1016,,D1016,,none,auto,6.93,69.3
TEVA,79,B: Durable Compounder,Growth,C1017,10,D1017,3-yr gross margin trend (bps)                     +507bps  -> A (9.5)   band: >= +100bps,low,auto,6.93,69.3
TEVA,79,B: Durable Compounder,Profitability,C1018,4,D1018,ROIC 3-yr average                                    7.2%  -> D (3.5)   band: >= 4.0% | ROIC persistence (share of yrs >12%)                33.3%  -> D (3.5)   band: >= 20.0% | Return on equity                                    17.8%  -> B (7.5)   band: >= 15.0%,high,auto,6.93,69.3
TEVA,79,B: Durable Compounder,Financials,C1019,8,D1019,EBIT / interest expense                           999.00x  -> A (9.5)   band: >= 12.00x | Diluted share count 3-yr CAGR                        1.6%  -> C (5.5)   band: <= 3.0%,medium,auto,6.93,69.3
TEVA,79,B: Durable Compounder,Business Quality,C1020,5,D1020,"ROIC persistence (share of yrs >12%)                33.3%  -> D (3.5)   band: >= 20.0% | Gross margin stability (band, bps)                +541bps  -> C (5.5)   band: <= +800bps",medium,tier3,6.93,69.3
TEVA,79,B: Durable Compounder,Management,C1021,10,D1021,SBC as % of revenue                                  0.9%  -> A (9.5)   band: <= 5.0%,low,auto,6.93,69.3
TEVA,79,B: Durable Compounder,Income,C1022,6,D1022,Revenue change in weakest year shown                -6.0%  -> C (5.5)   band: >= -20.0%,low,tier3,6.93,69.3
TEVA,79,B: Durable Compounder,Market Sentiment,C1023,,D1023,,none,auto,6.93,69.3
TEVA,79,B: Durable Compounder,EPS/Revison Trends,C1024,,D1024,,none,auto,6.93,69.3
TEVA,79,B: Durable Compounder,Industry/Sector Tailwinds,C1025,,D1025,,none,auto,6.93,69.3
TIGO,80,A: Mature Cash Generator,Valuation,C1029,,D1029,,none,auto,,
TIGO,80,A: Mature Cash Generator,Growth,C1030,,D1030,,none,auto,,
TIGO,80,A: Mature Cash Generator,Profitability,C1031,,D1031,,none,auto,,
TIGO,80,A: Mature Cash Generator,Financials,C1032,,D1032,,none,auto,,
TIGO,80,A: Mature Cash Generator,Business Quality,C1033,,D1033,,none,tier3,,
TIGO,80,A: Mature Cash Generator,Management,C1034,,D1034,,none,auto,,
TIGO,80,A: Mature Cash Generator,Income,C1035,,D1035,,none,tier3,,
TIGO,80,A: Mature Cash Generator,Market Sentiment,C1036,,D1036,,none,auto,,
TIGO,80,A: Mature Cash Generator,EPS/Revison Trends,C1037,,D1037,,none,auto,,
TIGO,80,A: Mature Cash Generator,Industry/Sector Tailwinds,C1038,,D1038,,none,auto,,
TSLA,81,B: Durable Compounder,Valuation,C1042,,D1042,,none,auto,5.73,57.300000000000004
TSLA,81,B: Durable Compounder,Growth,C1043,2,D1043,3-yr gross margin trend (bps)                     -757bps  -> F (1.5)   band: < -200bps,low,auto,5.73,57.300000000000004
TSLA,81,B: Durable Compounder,Profitability,C1044,4,D1044,ROIC 3-yr average                                    7.7%  -> D (3.5)   band: >= 4.0% | ROIC persistence (share of yrs >12%)                33.3%  -> D (3.5)   band: >= 20.0% | Return on equity                                     4.6%  -> F (1.5)   band: < 5.0%,high,auto,5.73,57.300000000000004
TSLA,81,B: Durable Compounder,Financials,C1045,10,D1045,EBIT / interest expense                           999.00x  -> A (9.5)   band: >= 12.00x | FCF / net income (3-yr)                            277.0%  -> A (9.5)   band: >= 100.0% | Diluted share count 3-yr CAGR                        0.5%  -> B (7.5)   band: <= 1.0%,high,auto,5.73,57.300000000000004
TSLA,81,B: Durable Compounder,Business Quality,C1046,5,D1046,"ROIC persistence (share of yrs >12%)                33.3%  -> D (3.5)   band: >= 20.0% | Gross margin stability (band, bps)                +774bps  -> C (5.5)   band: <= +800bps",medium,tier3,5.73,57.300000000000004
TSLA,81,B: Durable Compounder,Management,C1047,10,D1047,SBC as % of revenue                                  3.0%  -> A (9.5)   band: <= 5.0%,low,auto,5.73,57.300000000000004
TSLA,81,B: Durable Compounder,Income,C1048,8,D1048,Revenue change in weakest year shown                -2.9%  -> B (7.5)   band: >= -5.0%,low,tier3,5.73,57.300000000000004
TSLA,81,B: Durable Compounder,Market Sentiment,C1049,,D1049,,none,auto,5.73,57.300000000000004
TSLA,81,B: Durable Compounder,EPS/Revison Trends,C1050,,D1050,,none,auto,5.73,57.300000000000004
TSLA,81,B: Durable Compounder,Industry/Sector Tailwinds,C1051,,D1051,,none,auto,5.73,57.300000000000004
TSM,82,B: Durable Compounder,Valuation,C1055,,D1055,,none,auto,,
TSM,82,B: Durable Compounder,Growth,C1056,,D1056,,none,auto,,
TSM,82,B: Durable Compounder,Profitability,C1057,,D1057,,none,auto,,
TSM,82,B: Durable Compounder,Financials,C1058,,D1058,,none,auto,,
TSM,82,B: Durable Compounder,Business Quality,C1059,,D1059,,none,tier3,,
TSM,82,B: Durable Compounder,Management,C1060,,D1060,,none,auto,,
TSM,82,B: Durable Compounder,Income,C1061,,D1061,,none,tier3,,
TSM,82,B: Durable Compounder,Market Sentiment,C1062,,D1062,,none,auto,,
TSM,82,B: Durable Compounder,EPS/Revison Trends,C1063,,D1063,,none,auto,,
TSM,82,B: Durable Compounder,Industry/Sector Tailwinds,C1064,,D1064,,none,auto,,
TTMI,83,B: Durable Compounder,Valuation,C1068,,D1068,,none,auto,6.17,61.7
TTMI,83,B: Durable Compounder,Growth,C1069,,D1069,,none,auto,6.17,61.7
TTMI,83,B: Durable Compounder,Profitability,C1070,6,D1070,ROIC 3-yr average                                    9.5%  -> C (5.5)   band: >= 9.0% | ROIC persistence (share of yrs >12%)                 0.0%  -> F (1.5)   band: < 20.0% | Return on equity                                    10.1%  -> C (5.5)   band: >= 10.0%,high,auto,6.17,61.7
TTMI,83,B: Durable Compounder,Financials,C1071,10,D1071,EBIT / interest expense                           999.00x  -> A (9.5)   band: >= 12.00x | FCF / net income (3-yr)                            421.2%  -> A (9.5)   band: >= 100.0% | Diluted share count 3-yr CAGR                       -0.8%  -> A (9.5)   band: <= 0.0%,high,auto,6.17,61.7
TTMI,83,B: Durable Compounder,Business Quality,C1072,2,D1072,ROIC persistence (share of yrs >12%)                 0.0%  -> F (1.5)   band: < 20.0%,low,tier3,6.17,61.7
TTMI,83,B: Durable Compounder,Management,C1073,10,D1073,SBC as % of revenue                                  1.4%  -> A (9.5)   band: <= 5.0%,low,auto,6.17,61.7
TTMI,83,B: Durable Compounder,Income,C1074,,D1074,,none,tier3,6.17,61.7
TTMI,83,B: Durable Compounder,Market Sentiment,C1075,,D1075,,none,auto,6.17,61.7
TTMI,83,B: Durable Compounder,EPS/Revison Trends,C1076,,D1076,,none,auto,6.17,61.7
TTMI,83,B: Durable Compounder,Industry/Sector Tailwinds,C1077,10,D1077,Peer-median fwd revenue growth                      14.2%  -> A (9.5)   band: >= 10.0%,low,auto,6.17,61.7
UCTT,84,D: Cyclical / Commodity,Valuation,C1081,,D1081,,none,auto,5.64,56.4
UCTT,84,D: Cyclical / Commodity,Growth,C1082,10,D1082,Fwd revenue growth                                  42.0%  -> A (9.5)   band: >= 15.0% | Fwd EPS growth                                      85.5%  -> A (9.5)   band: >= 20.0% | 3-yr gross margin trend (bps)                     -386bps  -> F (1.5)   band: < -200bps,high,auto,5.64,56.4
UCTT,84,D: Cyclical / Commodity,Profitability,C1083,2,D1083,ROIC 3-yr average                                   -0.7%  -> F (1.5)   band: < 4.0% | ROIC persistence (share of yrs >12%)                 0.0%  -> F (1.5)   band: < 20.0% | Return on equity                                    -3.3%  -> F (1.5)   band: < 5.0%,high,auto,5.64,56.4
UCTT,84,D: Cyclical / Commodity,Financials,C1084,6,D1084,Net debt / EBITDA                                   2.44x  -> C (5.5)   band: <= 2.50x | EBIT / interest expense                             2.38x  -> D (3.5)   band: >= 2.00x | Diluted share count 3-yr CAGR                       -0.3%  -> A (9.5)   band: <= 0.0%,high,auto,5.64,56.4
UCTT,84,D: Cyclical / Commodity,Business Quality,C1085,5,D1085,"ROIC persistence (share of yrs >12%)                 0.0%  -> F (1.5)   band: < 20.0% | Gross margin stability (band, bps)                +386bps  -> B (7.5)   band: <= +400bps",medium,tier3,5.64,56.4
UCTT,84,D: Cyclical / Commodity,Management,C1086,4,D1086,"SBC as % of revenue                                  0.9%  -> A (9.5)   band: <= 5.0% | EPS beats, last 8Q                                      3  -> D (3.5)   band: >= 2 | Insider net open-market activity                       -2  -> F (1.5)   band: < -1.50",high,auto,5.64,56.4
UCTT,84,D: Cyclical / Commodity,Income,C1087,4,D1087,Revenue change in weakest year shown               -26.9%  -> D (3.5)   band: >= -35.0%,low,tier3,5.64,56.4
UCTT,84,D: Cyclical / Commodity,Market Sentiment,C1088,4,D1088,Institutional ownership trend                           0  -> C (5.5)   band: >= -0.50 | Insider net open-market activity (6mo)                 -2  -> F (1.5)   band: < -1.50,medium,auto,5.64,56.4
UCTT,84,D: Cyclical / Commodity,EPS/Revison Trends,C1089,10,D1089,"FY2 consensus EPS change vs 3mo ago                 55.6%  -> A (9.5)   band: >= 5.0% | Revision breadth (share up)                        100.0%  -> A (9.5)   band: >= 70.0% | EPS beats, last 8Q                                      3  -> D (3.5)   band: >= 2",high,auto,5.64,56.4
UCTT,84,D: Cyclical / Commodity,Industry/Sector Tailwinds,C1090,,D1090,,none,auto,5.64,56.4
UNH,85,B: Durable Compounder,Valuation,C1094,,D1094,,none,auto,6.71,67.1
UNH,85,B: Durable Compounder,Growth,C1095,4,D1095,Fwd revenue growth                                   2.9%  -> D (3.5)   band: >= 0.0% | Fwd EPS growth                                      13.2%  -> B (7.5)   band: >= 10.0% | 3-yr gross margin trend (bps)                     -603bps  -> F (1.5)   band: < -200bps,high,auto,6.71,67.1
UNH,85,B: Durable Compounder,Profitability,C1096,8,D1096,ROIC 3-yr average                                   14.7%  -> B (7.5)   band: >= 13.0% | ROIC persistence (share of yrs >12%)                75.0%  -> B (7.5)   band: >= 60.0% | Gross margin vs peer set                            83.3%  -> A (9.5)   band: >= 75.0% | Return on equity                                    15.0%  -> B (7.5)   band: >= 15.0%,high,auto,6.71,67.1
UNH,85,B: Durable Compounder,Financials,C1097,8,D1097,Net debt / EBITDA                                   2.11x  -> C (5.5)   band: <= 2.50x | EBIT / interest expense                             5.48x  -> C (5.5)   band: >= 4.00x | FCF / net income (3-yr)                            127.9%  -> A (9.5)   band: >= 100.0% | Diluted share count 3-yr CAGR                       -1.4%  -> A (9.5)   band: <= 0.0%,high,auto,6.71,67.1
UNH,85,B: Durable Compounder,Business Quality,C1098,6,D1098,"ROIC persistence (share of yrs >12%)                75.0%  -> B (7.5)   band: >= 60.0% | Gross margin stability (band, bps)                +603bps  -> C (5.5)   band: <= +800bps",medium,tier3,6.71,67.1
UNH,85,B: Durable Compounder,Management,C1099,6,D1099,"SBC as % of revenue                                  0.2%  -> A (9.5)   band: <= 5.0% | EPS beats, last 8Q                                      4  -> C (5.5)   band: >= 4 | Insider net open-market activity                       -2  -> F (1.5)   band: < -1.50",high,auto,6.71,67.1
UNH,85,B: Durable Compounder,Income,C1100,10,D1100,Revenue change in weakest year shown                 7.7%  -> A (9.5)   band: >= 0.0%,low,tier3,6.71,67.1
UNH,85,B: Durable Compounder,Market Sentiment,C1101,6,D1101,Institutional ownership trend                           1  -> A (9.5)   band: >= 0.50 | Insider net open-market activity (6mo)                 -2  -> F (1.5)   band: < -1.50,medium,auto,6.71,67.1
UNH,85,B: Durable Compounder,EPS/Revison Trends,C1102,10,D1102,"FY2 consensus EPS change vs 3mo ago                  8.0%  -> A (9.5)   band: >= 5.0% | Revision breadth (share up)                        100.0%  -> A (9.5)   band: >= 70.0% | EPS beats, last 8Q                                      4  -> C (5.5)   band: >= 4",high,auto,6.71,67.1
UNH,85,B: Durable Compounder,Industry/Sector Tailwinds,C1103,6,D1103,Peer-median fwd revenue growth                       3.9%  -> C (5.5)   band: >= 0.0%,low,auto,6.71,67.1
VFF,86,B: Durable Compounder,Valuation,C1107,10,D1107,FCF yield                                           -0.8%  -> F (1.5)   band: < 1.0% | Fwd TEV/EBITDA vs peer median                       33.7%  -> A (9.5)   band: >= 25.0% | PEG                                                  0.45  -> A (9.5)   band: <= 1.00,high,auto,5.85,58.5
VFF,86,B: Durable Compounder,Growth,C1108,10,D1108,Fwd revenue growth                                  18.8%  -> A (9.5)   band: >= 15.0% | Fwd EPS growth                                      25.0%  -> A (9.5)   band: >= 20.0% | 3-yr gross margin trend (bps)                    +3124bps  -> A (9.5)   band: >= +100bps,high,auto,5.85,58.5
VFF,86,B: Durable Compounder,Profitability,C1109,3,D1109,ROIC 3-yr average                                   -2.1%  -> F (1.5)   band: < 4.0% | ROIC persistence (share of yrs >12%)                 0.0%  -> F (1.5)   band: < 20.0% | Gross margin vs peer set                           100.0%  -> A (9.5)   band: >= 75.0% | Return on equity                                     7.5%  -> D (3.5)   band: >= 5.0%,high,auto,5.85,58.5
VFF,86,B: Durable Compounder,Financials,C1110,10,D1110,Net debt / EBITDA                                  -0.79x  -> A (9.5)   band: <= 0.50x | EBIT / interest expense                            16.95x  -> A (9.5)   band: >= 12.00x | Diluted share count 3-yr CAGR                       10.5%  -> F (1.5)   band: > 6.0%,high,auto,5.85,58.5
VFF,86,B: Durable Compounder,Business Quality,C1111,2,D1111,"ROIC persistence (share of yrs >12%)                 0.0%  -> F (1.5)   band: < 20.0% | Gross margin stability (band, bps)               +3124bps  -> F (1.5)   band: > +1500bps",medium,tier3,5.85,58.5
VFF,86,B: Durable Compounder,Management,C1112,4,D1112,"SBC as % of revenue                                  0.9%  -> A (9.5)   band: <= 5.0% | EPS beats, last 8Q                                      2  -> D (3.5)   band: >= 2 | Insider net open-market activity                    -0.63  -> D (3.5)   band: >= -1.50",high,auto,5.85,58.5
VFF,86,B: Durable Compounder,Income,C1113,2,D1113,Revenue change in weakest year shown               -44.4%  -> F (1.5)   band: < -35.0%,low,tier3,5.85,58.5
VFF,86,B: Durable Compounder,Market Sentiment,C1114,8,D1114,Short interest % of float                            4.5%  -> B (7.5)   band: <= 5.0% | Institutional ownership trend                           1  -> A (9.5)   band: >= 0.50 | Insider net open-market activity (6mo)              -0.63  -> D (3.5)   band: >= -1.50,high,auto,5.85,58.5
VFF,86,B: Durable Compounder,EPS/Revison Trends,C1115,2,D1115,"FY2 consensus EPS change vs 3mo ago                -19.4%  -> F (1.5)   band: < -5.0% | Revision breadth (share up)                          0.0%  -> F (1.5)   band: < 30.0% | EPS beats, last 8Q                                      2  -> D (3.5)   band: >= 2",high,auto,5.85,58.5
VFF,86,B: Durable Compounder,Industry/Sector Tailwinds,C1116,8,D1116,Peer-median fwd revenue growth                       7.0%  -> B (7.5)   band: >= 5.0%,low,auto,5.85,58.5
VIAV,87,B: Durable Compounder,Valuation,C1120,2,D1120,FCF yield                                            0.6%  -> F (1.5)   band: < 1.0% | Fwd TEV/EBITDA vs peer median                     -111.3%  -> F (1.5)   band: < -30.0% | PEG                                                  1.34  -> C (5.5)   band: <= 1.80,high,auto,5.15,51.5
VIAV,87,B: Durable Compounder,Growth,C1121,8,D1121,Fwd revenue growth                                  13.4%  -> B (7.5)   band: >= 8.0% | Fwd EPS growth                                      18.7%  -> B (7.5)   band: >= 10.0% | 3-yr gross margin trend (bps)                     -257bps  -> F (1.5)   band: < -200bps,high,auto,5.15,51.5
VIAV,87,B: Durable Compounder,Profitability,C1122,3,D1122,ROIC 3-yr average                                    4.1%  -> D (3.5)   band: >= 4.0% | ROIC persistence (share of yrs >12%)                 0.0%  -> F (1.5)   band: < 20.0% | Gross margin vs peer set                           100.0%  -> A (9.5)   band: >= 75.0% | Return on equity                                    -2.7%  -> F (1.5)   band: < 5.0%,high,auto,5.15,51.5
VIAV,87,B: Durable Compounder,Financials,C1123,6,D1123,Net debt / EBITDA                                   0.96x  -> B (7.5)   band: <= 1.50x | EBIT / interest expense                             1.18x  -> F (1.5)   band: < 2.00x | FCF / net income (3-yr)                            643.2%  -> A (9.5)   band: >= 100.0%,high,auto,5.15,51.5
VIAV,87,B: Durable Compounder,Business Quality,C1124,5,D1124,"ROIC persistence (share of yrs >12%)                 0.0%  -> F (1.5)   band: < 20.0% | Gross margin stability (band, bps)                +257bps  -> B (7.5)   band: <= +400bps",medium,tier3,5.15,51.5
VIAV,87,B: Durable Compounder,Management,C1125,6,D1125,"SBC as % of revenue                                  3.5%  -> A (9.5)   band: <= 5.0% | EPS beats, last 8Q                                      4  -> C (5.5)   band: >= 4 | Insider net open-market activity                       -2  -> F (1.5)   band: < -1.50",high,auto,5.15,51.5
VIAV,87,B: Durable Compounder,Income,C1126,6,D1126,Revenue change in weakest year shown               -14.4%  -> C (5.5)   band: >= -20.0%,low,tier3,5.15,51.5
VIAV,87,B: Durable Compounder,Market Sentiment,C1127,2,D1127,Short interest % of float                            6.6%  -> C (5.5)   band: <= 8.0% | Institutional ownership trend                          -1  -> F (1.5)   band: < -0.90 | Insider net open-market activity (6mo)                 -2  -> F (1.5)   band: < -1.50,high,auto,5.15,51.5
VIAV,87,B: Durable Compounder,EPS/Revison Trends,C1128,8,D1128,"FY2 consensus EPS change vs 3mo ago                  6.5%  -> A (9.5)   band: >= 5.0% | Revision breadth (share up)                         66.7%  -> B (7.5)   band: >= 55.0% | EPS beats, last 8Q                                      4  -> C (5.5)   band: >= 4",high,auto,5.15,51.5
VIAV,87,B: Durable Compounder,Industry/Sector Tailwinds,C1129,10,D1129,Peer-median fwd revenue growth                      19.1%  -> A (9.5)   band: >= 10.0%,low,auto,5.15,51.5
VISN,88,D: Cyclical / Commodity,Valuation,C1133,6,D1133,FCF yield                                            3.3%  -> C (5.5)   band: >= 2.5% | Fwd TEV/EBITDA vs peer median                       39.0%  -> A (9.5)   band: >= 25.0% | PEG                                                  2.94  -> F (1.5)   band: > 2.50,high,auto,6.4,64.0
VISN,88,D: Cyclical / Commodity,Growth,C1134,10,D1134,Fwd revenue growth                                  31.9%  -> A (9.5)   band: >= 15.0% | Fwd EPS growth                                     -18.2%  -> F (1.5)   band: < 0.0% | 3-yr gross margin trend (bps)                    +1519bps  -> A (9.5)   band: >= +100bps,high,auto,6.4,64.0
VISN,88,D: Cyclical / Commodity,Profitability,C1135,2,D1135,ROIC 3-yr average                                   -1.7%  -> F (1.5)   band: < 4.0% | ROIC persistence (share of yrs >12%)                 0.0%  -> F (1.5)   band: < 20.0% | Gross margin vs peer set                            75.0%  -> A (9.5)   band: >= 75.0% | Return on equity                                     4.3%  -> F (1.5)   band: < 5.0%,high,auto,6.4,64.0
VISN,88,D: Cyclical / Commodity,Financials,C1136,7,D1136,Net debt / EBITDA                                  21.18x  -> F (1.5)   band: > 4.00x | EBIT / interest expense                           999.00x  -> A (9.5)   band: >= 12.00x | FCF / net income (3-yr)                            159.7%  -> A (9.5)   band: >= 100.0% | Diluted share count 3-yr CAGR                        3.5%  -> D (3.5)   band: <= 6.0%,high,auto,6.4,64.0
VISN,88,D: Cyclical / Commodity,Business Quality,C1137,2,D1137,"ROIC persistence (share of yrs >12%)                 0.0%  -> F (1.5)   band: < 20.0% | Gross margin stability (band, bps)               +1519bps  -> F (1.5)   band: > +1500bps",medium,tier3,6.4,64.0
VISN,88,D: Cyclical / Commodity,Management,C1138,10,D1138,"SBC as % of revenue                                  2.1%  -> A (9.5)   band: <= 5.0% | EPS beats, last 8Q                                      3  -> D (3.5)   band: >= 2 | Insider net open-market activity                        2  -> A (9.5)   band: >= 1.50",high,auto,6.4,64.0
VISN,88,D: Cyclical / Commodity,Income,C1139,2,D1139,Revenue change in weakest year shown               -67.8%  -> F (1.5)   band: < -35.0%,low,tier3,6.4,64.0
VISN,88,D: Cyclical / Commodity,Market Sentiment,C1140,10,D1140,Short interest % of float                            8.2%  -> D (3.5)   band: <= 15.0% | Institutional ownership trend                           1  -> A (9.5)   band: >= 0.50 | Insider net open-market activity (6mo)                  2  -> A (9.5)   band: >= 1.50,high,auto,6.4,64.0
VISN,88,D: Cyclical / Commodity,EPS/Revison Trends,C1141,2,D1141,"FY2 consensus EPS change vs 3mo ago                -46.6%  -> F (1.5)   band: < -5.0% | Revision breadth (share up)                          0.0%  -> F (1.5)   band: < 30.0% | EPS beats, last 8Q                                      3  -> D (3.5)   band: >= 2",high,auto,6.4,64.0
VISN,88,D: Cyclical / Commodity,Industry/Sector Tailwinds,C1142,10,D1142,Peer-median fwd revenue growth                      10.7%  -> A (9.5)   band: >= 10.0%,low,auto,6.4,64.0
VRDN,89,E: Early Biotech,Valuation,C1146,2,D1146,FCF yield                                          -12.6%  -> F (1.5)   band: < 1.0%,low,auto,4.3,43.0
VRDN,89,E: Early Biotech,Growth,C1147,10,D1147,Fwd revenue growth                                 729.2%  -> A (9.5)   band: >= 15.0%,low,auto,4.3,43.0
VRDN,89,E: Early Biotech,Profitability,C1148,2,D1148,ROIC 3-yr average                                  -45.0%  -> F (1.5)   band: < 4.0% | ROIC persistence (share of yrs >12%)                 0.0%  -> F (1.5)   band: < 20.0% | Gross margin vs peer set                             0.0%  -> F (1.5)   band: < 25.0% | Return on equity                                   -65.7%  -> F (1.5)   band: < 5.0%,high,auto,4.3,43.0
VRDN,89,E: Early Biotech,Financials,C1149,2,D1149,Cash runway (yrs) -- dominant when FCF-negative          0.63y  -> F (1.5)   band: < 1.50y | Net debt / EBITDA                                   0.40x  -> A (9.5)   band: <= 0.50x | Diluted share count 3-yr CAGR                       38.3%  -> F (1.5)   band: > 6.0%,high,auto,4.3,43.0
VRDN,89,E: Early Biotech,Business Quality,C1150,2,D1150,ROIC persistence (share of yrs >12%)                 0.0%  -> F (1.5)   band: < 20.0%,low,tier3,4.3,43.0
VRDN,89,E: Early Biotech,Management,C1151,4,D1151,"SBC as % of revenue                                 75.4%  -> F (1.5)   band: > 15.0% | EPS beats, last 8Q                                      2  -> D (3.5)   band: >= 2 | Insider net open-market activity                        2  -> A (9.5)   band: >= 1.50",high,auto,4.3,43.0
VRDN,89,E: Early Biotech,Income,C1152,2,D1152,Revenue change in weakest year shown               -82.3%  -> F (1.5)   band: < -35.0%,low,tier3,4.3,43.0
VRDN,89,E: Early Biotech,Market Sentiment,C1153,10,D1153,Short interest % of float                           17.6%  -> F (1.5)   band: > 15.0% | Institutional ownership trend                           1  -> A (9.5)   band: >= 0.50 | Insider net open-market activity (6mo)                  2  -> A (9.5)   band: >= 1.50,high,auto,4.3,43.0
VRDN,89,E: Early Biotech,EPS/Revison Trends,C1154,2,D1154,"FY2 consensus EPS change vs 3mo ago                -19.2%  -> F (1.5)   band: < -5.0% | Revision breadth (share up)                         14.3%  -> F (1.5)   band: < 30.0% | EPS beats, last 8Q                                      2  -> D (3.5)   band: >= 2",medium,auto,4.3,43.0
VRDN,89,E: Early Biotech,Industry/Sector Tailwinds,C1155,10,D1155,Peer-median fwd revenue growth                      10.2%  -> A (9.5)   band: >= 10.0%,low,auto,4.3,43.0
WLDN,90,B: Durable Compounder,Valuation,C1159,9,D1159,FCF yield                                            4.8%  -> B (7.5)   band: >= 4.0% | Fwd P/E vs own 5-yr median                          71.4%  -> A (9.5)   band: >= 25.0% | Fwd TEV/EBITDA vs peer median                      -12.6%  -> D (3.5)   band: >= -30.0% | PEG                                                  0.48  -> A (9.5)   band: <= 1.00,high,auto,7.9,79.0
WLDN,90,B: Durable Compounder,Growth,C1160,10,D1160,Fwd revenue growth                                  16.1%  -> A (9.5)   band: >= 15.0% | Fwd EPS growth                                       7.0%  -> C (5.5)   band: >= 5.0% | 3-yr gross margin trend (bps)                     +406bps  -> A (9.5)   band: >= +100bps,high,auto,7.9,79.0
WLDN,90,B: Durable Compounder,Profitability,C1161,8,D1161,ROIC 3-yr average                                   10.6%  -> C (5.5)   band: >= 9.0% | ROIC persistence (share of yrs >12%)                25.0%  -> D (3.5)   band: >= 20.0% | Gross margin vs peer set                           100.0%  -> A (9.5)   band: >= 75.0% | Return on equity                                    21.2%  -> A (9.5)   band: >= 20.0%,high,auto,7.9,79.0
WLDN,90,B: Durable Compounder,Financials,C1162,10,D1162,Net debt / EBITDA                                   0.05x  -> A (9.5)   band: <= 0.50x | EBIT / interest expense                            14.84x  -> A (9.5)   band: >= 12.00x | FCF / net income (3-yr)                            190.2%  -> A (9.5)   band: >= 100.0% | Diluted share count 3-yr CAGR                        5.0%  -> D (3.5)   band: <= 6.0%,high,auto,7.9,79.0
WLDN,90,B: Durable Compounder,Business Quality,C1163,5,D1163,"ROIC persistence (share of yrs >12%)                25.0%  -> D (3.5)   band: >= 20.0% | Gross margin stability (band, bps)                +406bps  -> C (5.5)   band: <= +800bps",medium,tier3,7.9,79.0
WLDN,90,B: Durable Compounder,Management,C1164,6,D1164,"SBC as % of revenue                                  2.0%  -> A (9.5)   band: <= 5.0% | EPS beats, last 8Q                                      4  -> C (5.5)   band: >= 4 | Insider net open-market activity                       -2  -> F (1.5)   band: < -1.50",high,auto,7.9,79.0
WLDN,90,B: Durable Compounder,Income,C1165,10,D1165,Revenue change in weakest year shown                10.9%  -> A (9.5)   band: >= 0.0%,low,tier3,7.9,79.0
WLDN,90,B: Durable Compounder,Market Sentiment,C1166,4,D1166,Short interest % of float                           13.2%  -> D (3.5)   band: <= 15.0% | Institutional ownership trend                           1  -> A (9.5)   band: >= 0.50 | Insider net open-market activity (6mo)                 -2  -> F (1.5)   band: < -1.50,high,auto,7.9,79.0
WLDN,90,B: Durable Compounder,EPS/Revison Trends,C1167,8,D1167,"FY2 consensus EPS change vs 3mo ago                  2.4%  -> B (7.5)   band: >= 2.0% | Revision breadth (share up)                        100.0%  -> A (9.5)   band: >= 70.0% | EPS beats, last 8Q                                      4  -> C (5.5)   band: >= 4",high,auto,7.9,79.0
WLDN,90,B: Durable Compounder,Industry/Sector Tailwinds,C1168,10,D1168,Peer-median fwd revenue growth                      10.8%  -> A (9.5)   band: >= 10.0%,low,auto,7.9,79.0
